Risk Factor,Early Completion Dates,Project Result,Actual duration
1.2,"[0, 9, 14, 16, 13, 20, 28, 29, 26, 39, 46, 44]",Acceptable,405
1.2,"[0, 13, 20, 20, 17, 23, 31, 34, 27, 39, 46, 44]",Acceptable,422
1.0,"[0, 10, 15, 18, 13, 22, 26, 31, 29, 38, 45, 43]",Successful,340
1.2,"[0, 16, 22, 23, 21, 27, 35, 35, 34, 45, 49, 49]",Successful,381
1.2,"[0, 14, 23, 21, 18, 28, 34, 38, 33, 45, 52, 49]",Acceptable,403
0.8,"[0, 16, 22, 21, 19, 25, 31, 32, 29, 39, 45, 43]",Successful,354
1.4,"[0, 13, 18, 19, 18, 23, 31, 31, 29, 38, 44, 43]",Acceptable,413
0.8,"[0, 10, 17, 15, 13, 20, 25, 27, 28, 40, 44, 43]",Successful,349
1.0,"[0, 8, 15, 14, 13, 19, 26, 28, 26, 38, 45, 43]",Acceptable,390
1.4,"[0, 13, 18, 20, 19, 25, 32, 34, 32, 43, 49, 46]",Failed,456
1.0,"[0, 13, 21, 18, 17, 25, 31, 32, 31, 43, 49, 48]",Successful,386
1.0,"[0, 10, 15, 18, 13, 21, 28, 27, 28, 36, 42, 40]",Successful,358
1.4,"[0, 14, 21, 20, 18, 23, 29, 32, 30, 40, 45, 43]",Failed,439
1.4,"[0, 16, 24, 25, 21, 29, 38, 38, 36, 49, 56, 53]",Failed,429
1.0,"[0, 17, 23, 22, 21, 27, 32, 36, 34, 45, 50, 49]",Successful,380
0.8,"[0, 13, 18, 18, 17, 21, 26, 31, 25, 40, 45, 44]",Successful,343
1.0,"[0, 12, 19, 20, 18, 25, 32, 35, 33, 43, 47, 45]",Successful,371
0.8,"[0, 9, 14, 15, 13, 17, 25, 26, 21, 33, 37, 36]",Successful,344
1.0,"[0, 10, 18, 16, 13, 21, 29, 27, 26, 39, 44, 42]",Acceptable,394
1.0,"[0, 11, 16, 17, 16, 22, 28, 31, 29, 38, 45, 42]",Successful,373
1.2,"[0, 9, 17, 14, 12, 22, 26, 31, 30, 41, 47, 47]",Acceptable,417
0.8,"[0, 16, 21, 23, 19, 26, 31, 32, 34, 40, 44, 43]",Successful,348
0.8,"[0, 10, 15, 14, 15, 19, 25, 25, 24, 30, 36, 32]",Successful,351
0.8,"[0, 10, 14, 14, 13, 19, 26, 27, 26, 32, 37, 36]",Successful,353
1.0,"[0, 9, 16, 13, 12, 21, 26, 27, 26, 36, 44, 41]",Successful,358
0.8,"[0, 11, 15, 15, 14, 19, 25, 28, 27, 34, 42, 37]",Successful,352
0.8,"[0, 9, 14, 15, 13, 18, 23, 28, 24, 35, 41, 39]",Successful,361
1.0,"[0, 8, 12, 15, 12, 19, 25, 25, 26, 34, 39, 37]",Successful,382
1.2,"[0, 17, 24, 25, 21, 29, 34, 39, 36, 48, 54, 53]",Acceptable,396
0.8,"[0, 17, 21, 20, 20, 24, 30, 31, 33, 40, 46, 44]",Successful,359
1.0,"[0, 9, 15, 14, 14, 19, 23, 27, 25, 34, 38, 38]",Successful,355
1.2,"[0, 13, 19, 17, 18, 23, 31, 31, 30, 39, 44, 43]",Acceptable,394
1.2,"[0, 13, 20, 19, 17, 25, 32, 34, 32, 43, 49, 48]",Acceptable,390
1.2,"[0, 13, 19, 20, 16, 23, 31, 31, 27, 38, 46, 42]",Acceptable,413
1.4,"[0, 15, 22, 21, 20, 24, 31, 34, 31, 45, 50, 49]",Failed,451
1.0,"[0, 12, 19, 16, 16, 22, 29, 33, 27, 42, 48, 44]",Successful,386
0.8,"[0, 10, 14, 15, 12, 18, 26, 25, 23, 36, 42, 40]",Successful,347
0.8,"[0, 12, 16, 18, 15, 20, 25, 26, 24, 32, 37, 36]",Successful,361
0.8,"[0, 9, 16, 14, 13, 20, 23, 26, 26, 31, 36, 35]",Successful,333
1.4,"[0, 11, 19, 16, 15, 24, 32, 34, 32, 46, 54, 49]",Acceptable,422
1.2,"[0, 14, 19, 22, 19, 25, 31, 33, 33, 41, 48, 46]",Acceptable,415
1.0,"[0, 12, 20, 19, 17, 24, 28, 33, 31, 42, 48, 46]",Successful,380
1.4,"[0, 10, 18, 15, 15, 21, 25, 31, 27, 43, 49, 47]",Acceptable,419
1.0,"[0, 14, 20, 19, 17, 25, 32, 32, 30, 40, 46, 43]",Successful,381
1.2,"[0, 14, 20, 22, 18, 28, 36, 38, 35, 46, 55, 49]",Acceptable,399
1.4,"[0, 10, 14, 16, 15, 21, 26, 26, 27, 36, 44, 41]",Failed,429
0.8,"[0, 10, 18, 18, 15, 22, 28, 30, 27, 37, 41, 40]",Successful,369
1.4,"[0, 14, 19, 22, 18, 28, 36, 39, 34, 47, 54, 52]",Failed,439
1.2,"[0, 13, 20, 20, 16, 25, 33, 33, 31, 42, 49, 46]",Acceptable,390
1.2,"[0, 11, 17, 19, 16, 24, 27, 32, 31, 42, 49, 45]",Successful,384
1.0,"[0, 11, 15, 18, 15, 22, 29, 29, 27, 38, 44, 42]",Successful,382
1.0,"[0, 12, 19, 18, 16, 23, 28, 28, 28, 37, 43, 42]",Acceptable,401
1.4,"[0, 16, 24, 23, 20, 27, 32, 37, 34, 48, 53, 52]",Acceptable,414
1.4,"[0, 16, 24, 24, 21, 29, 34, 37, 37, 44, 51, 49]",Failed,431
1.4,"[0, 16, 23, 24, 21, 28, 36, 34, 35, 42, 50, 47]",Acceptable,412
1.2,"[0, 16, 21, 22, 19, 28, 33, 36, 33, 44, 51, 47]",Successful,381
1.2,"[0, 14, 20, 21, 17, 24, 29, 31, 27, 41, 49, 46]",Successful,388
1.0,"[0, 10, 15, 16, 16, 20, 27, 31, 25, 38, 42, 41]",Successful,366
0.8,"[0, 7, 13, 13, 11, 18, 25, 27, 23, 35, 42, 39]",Successful,340
1.4,"[0, 12, 20, 18, 16, 25, 30, 36, 31, 47, 53, 52]",Failed,442
1.2,"[0, 14, 21, 22, 19, 26, 32, 34, 31, 41, 46, 45]",Failed,432
1.4,"[0, 15, 23, 22, 19, 29, 35, 39, 35, 49, 55, 54]",Failed,428
1.0,"[0, 8, 15, 13, 10, 17, 22, 24, 20, 33, 40, 37]",Successful,378
1.4,"[0, 13, 20, 18, 18, 26, 34, 36, 32, 43, 51, 48]",Acceptable,426
0.8,"[0, 11, 17, 17, 15, 20, 26, 27, 26, 33, 41, 36]",Acceptable,395
1.0,"[0, 14, 20, 20, 18, 23, 29, 32, 29, 37, 43, 41]",Successful,385
1.0,"[0, 7, 12, 14, 11, 18, 23, 24, 22, 34, 38, 38]",Acceptable,401
0.8,"[0, 10, 15, 15, 13, 20, 25, 28, 24, 39, 46, 42]",Successful,333
1.0,"[0, 15, 23, 21, 19, 26, 33, 36, 33, 42, 46, 47]",Acceptable,396
0.8,"[0, 17, 22, 22, 21, 25, 30, 31, 33, 37, 42, 42]",Successful,372
1.4,"[0, 16, 20, 24, 20, 28, 34, 37, 33, 47, 56, 51]",Failed,429
1.2,"[0, 11, 17, 18, 15, 23, 27, 30, 29, 37, 43, 42]",Successful,384
0.8,"[0, 14, 19, 21, 19, 24, 29, 29, 29, 34, 38, 38]",Successful,380
1.4,"[0, 15, 22, 22, 18, 27, 32, 34, 35, 45, 53, 48]",Acceptable,419
1.2,"[0, 17, 21, 22, 21, 27, 35, 35, 32, 45, 49, 50]",Acceptable,394
0.8,"[0, 14, 17, 20, 17, 23, 29, 33, 28, 39, 43, 43]",Successful,345
0.8,"[0, 16, 21, 22, 20, 25, 29, 31, 31, 40, 45, 43]",Successful,330
0.8,"[0, 8, 14, 12, 11, 17, 23, 22, 23, 31, 35, 34]",Successful,365
1.0,"[0, 7, 10, 13, 10, 16, 23, 26, 21, 31, 36, 36]",Successful,369
1.0,"[0, 10, 16, 17, 14, 21, 26, 30, 26, 37, 43, 41]",Successful,371
1.2,"[0, 10, 17, 15, 15, 21, 27, 26, 29, 38, 45, 43]",Acceptable,403
0.8,"[0, 10, 17, 16, 13, 20, 25, 25, 25, 35, 40, 39]",Successful,345
1.4,"[0, 7, 14, 15, 11, 19, 23, 30, 27, 41, 49, 44]",Failed,442
1.2,"[0, 15, 22, 20, 17, 27, 35, 36, 34, 45, 50, 49]",Acceptable,396
1.4,"[0, 11, 19, 19, 16, 22, 27, 33, 27, 41, 49, 44]",Acceptable,406
0.8,"[0, 9, 14, 14, 13, 17, 21, 24, 24, 31, 35, 33]",Successful,317
0.8,"[0, 7, 13, 13, 11, 16, 23, 21, 22, 29, 33, 32]",Successful,381
1.2,"[0, 15, 22, 23, 19, 28, 36, 38, 37, 48, 55, 52]",Acceptable,411
1.0,"[0, 12, 18, 20, 15, 24, 29, 33, 32, 39, 48, 44]",Acceptable,391
0.8,"[0, 12, 19, 17, 16, 22, 26, 30, 27, 40, 48, 44]",Successful,371
1.4,"[0, 16, 24, 23, 22, 28, 33, 35, 35, 44, 49, 50]",Failed,440
0.8,"[0, 14, 20, 19, 17, 23, 30, 30, 28, 40, 46, 45]",Successful,361
1.4,"[0, 13, 21, 21, 18, 27, 32, 37, 33, 46, 55, 51]",Acceptable,415
0.8,"[0, 15, 23, 22, 19, 26, 33, 32, 32, 39, 46, 42]",Successful,354
1.0,"[0, 9, 14, 13, 12, 19, 27, 29, 25, 33, 39, 37]",Successful,377
1.0,"[0, 7, 11, 14, 11, 17, 23, 24, 24, 30, 35, 34]",Successful,366
1.0,"[0, 12, 18, 18, 16, 22, 26, 30, 27, 37, 42, 41]",Successful,383
1.2,"[0, 9, 16, 16, 12, 21, 26, 32, 26, 42, 50, 47]",Acceptable,401
1.2,"[0, 11, 17, 20, 15, 24, 31, 30, 31, 38, 43, 43]",Successful,381
1.4,"[0, 15, 23, 23, 19, 29, 37, 38, 36, 49, 56, 51]",Failed,441
1.2,"[0, 12, 18, 18, 14, 23, 29, 31, 29, 42, 48, 48]",Failed,431
1.4,"[0, 16, 23, 24, 21, 29, 36, 36, 38, 48, 56, 53]",Acceptable,422
1.2,"[0, 11, 18, 19, 15, 22, 28, 29, 27, 37, 42, 41]",Acceptable,394
1.4,"[0, 15, 23, 23, 20, 29, 36, 38, 33, 49, 56, 54]",Failed,432
1.2,"[0, 16, 21, 22, 20, 26, 33, 34, 32, 43, 50, 46]",Acceptable,423
1.0,"[0, 12, 16, 18, 16, 22, 27, 28, 29, 39, 47, 42]",Successful,371
0.8,"[0, 14, 19, 22, 18, 27, 31, 34, 31, 41, 48, 44]",Successful,368
0.8,"[0, 10, 13, 16, 12, 20, 25, 28, 25, 33, 41, 37]",Successful,336
1.0,"[0, 15, 19, 20, 19, 25, 30, 33, 29, 40, 45, 43]",Successful,378
1.0,"[0, 11, 18, 18, 15, 22, 28, 32, 29, 38, 42, 42]",Successful,375
1.0,"[0, 10, 14, 15, 14, 19, 25, 30, 27, 39, 45, 42]",Successful,387
1.2,"[0, 10, 17, 17, 15, 21, 27, 30, 28, 40, 48, 43]",Acceptable,410
1.0,"[0, 11, 15, 17, 16, 19, 27, 25, 26, 36, 43, 40]",Successful,365
1.0,"[0, 15, 20, 22, 18, 27, 32, 32, 32, 40, 48, 43]",Successful,370
1.2,"[0, 9, 15, 16, 13, 19, 27, 28, 24, 39, 45, 41]",Acceptable,395
1.2,"[0, 13, 19, 20, 19, 24, 30, 30, 31, 41, 48, 45]",Acceptable,412
0.8,"[0, 7, 13, 13, 12, 18, 24, 26, 23, 31, 38, 34]",Successful,348
0.8,"[0, 9, 14, 14, 13, 19, 24, 26, 24, 34, 41, 38]",Successful,355
1.2,"[0, 10, 16, 17, 15, 20, 27, 26, 26, 34, 41, 38]",Acceptable,400
1.2,"[0, 12, 20, 18, 17, 24, 31, 30, 31, 41, 47, 47]",Successful,386
1.2,"[0, 12, 16, 17, 16, 20, 26, 27, 27, 32, 39, 35]",Successful,383
0.8,"[0, 11, 14, 19, 15, 22, 26, 32, 28, 40, 44, 43]",Successful,322
0.8,"[0, 8, 13, 16, 13, 19, 23, 25, 25, 31, 37, 34]",Successful,327
0.8,"[0, 8, 13, 15, 13, 19, 25, 30, 23, 35, 42, 38]",Successful,354
1.0,"[0, 12, 17, 17, 17, 21, 29, 26, 24, 38, 43, 42]",Successful,364
1.0,"[0, 11, 18, 18, 16, 22, 30, 31, 27, 40, 45, 45]",Successful,369
1.0,"[0, 11, 19, 17, 14, 23, 29, 31, 28, 40, 47, 45]",Successful,386
1.2,"[0, 15, 20, 21, 20, 26, 33, 36, 32, 45, 52, 50]",Acceptable,422
1.4,"[0, 13, 17, 16, 19, 23, 31, 34, 32, 45, 50, 50]",Acceptable,403
1.0,"[0, 15, 24, 20, 20, 29, 34, 36, 34, 44, 49, 49]",Acceptable,408
1.2,"[0, 11, 18, 18, 17, 22, 27, 33, 29, 39, 46, 43]",Acceptable,413
1.0,"[0, 12, 17, 18, 17, 21, 26, 31, 26, 38, 44, 41]",Acceptable,394
0.8,"[0, 14, 20, 20, 18, 23, 30, 27, 27, 35, 43, 38]",Successful,313
1.4,"[0, 12, 19, 19, 15, 24, 32, 32, 30, 40, 46, 43]",Acceptable,401
1.2,"[0, 10, 13, 15, 13, 20, 26, 28, 28, 37, 43, 41]",Acceptable,400
1.2,"[0, 9, 17, 14, 14, 22, 27, 28, 28, 38, 46, 42]",Acceptable,403
1.4,"[0, 14, 22, 20, 18, 26, 33, 33, 34, 44, 49, 49]",Failed,430
1.4,"[0, 17, 25, 23, 21, 31, 39, 39, 36, 50, 56, 55]",Failed,453
1.2,"[0, 14, 22, 22, 19, 27, 34, 34, 35, 45, 52, 49]",Acceptable,415
0.8,"[0, 11, 17, 17, 15, 20, 24, 27, 23, 32, 40, 37]",Successful,371
1.4,"[0, 16, 24, 25, 20, 29, 35, 39, 34, 49, 55, 54]",Acceptable,406
0.8,"[0, 13, 18, 18, 15, 21, 26, 28, 28, 38, 46, 41]",Successful,376
1.4,"[0, 10, 18, 18, 15, 22, 29, 29, 30, 40, 44, 45]",Acceptable,404
1.0,"[0, 15, 20, 22, 19, 25, 30, 31, 32, 41, 49, 44]",Successful,372
1.4,"[0, 10, 18, 17, 13, 24, 30, 30, 29, 41, 46, 45]",Acceptable,422
1.0,"[0, 12, 17, 18, 15, 21, 28, 27, 26, 36, 43, 41]",Successful,385
1.2,"[0, 15, 20, 22, 18, 25, 30, 33, 30, 43, 51, 48]",Acceptable,412
1.2,"[0, 14, 21, 21, 19, 26, 33, 33, 33, 42, 49, 47]",Acceptable,400
1.2,"[0, 14, 20, 21, 16, 24, 28, 31, 31, 38, 45, 43]",Acceptable,392
1.4,"[0, 14, 22, 19, 19, 26, 34, 35, 34, 44, 50, 50]",Failed,433
1.2,"[0, 11, 18, 16, 16, 22, 29, 33, 30, 41, 49, 45]",Successful,389
1.0,"[0, 12, 20, 20, 17, 26, 31, 35, 31, 44, 52, 47]",Acceptable,402
1.4,"[0, 17, 26, 24, 22, 29, 37, 38, 37, 48, 54, 53]",Failed,449
0.8,"[0, 10, 18, 15, 14, 21, 25, 31, 27, 39, 43, 43]",Successful,356
1.4,"[0, 15, 23, 20, 20, 27, 35, 39, 34, 51, 59, 57]",Acceptable,426
1.4,"[0, 16, 24, 23, 20, 29, 34, 40, 34, 49, 58, 55]",Acceptable,406
0.8,"[0, 10, 14, 15, 14, 18, 25, 26, 24, 31, 37, 35]",Successful,336
1.0,"[0, 13, 20, 19, 17, 26, 32, 32, 31, 39, 44, 41]",Successful,357
1.2,"[0, 9, 17, 17, 11, 20, 28, 30, 27, 37, 43, 41]",Acceptable,398
1.0,"[0, 15, 21, 23, 20, 28, 33, 35, 34, 43, 49, 47]",Acceptable,397
0.8,"[0, 7, 15, 13, 10, 18, 26, 24, 24, 30, 37, 35]",Successful,365
1.4,"[0, 11, 16, 17, 14, 23, 29, 32, 31, 43, 47, 48]",Failed,434
1.2,"[0, 10, 18, 17, 15, 23, 30, 30, 29, 36, 44, 40]",Successful,383
1.0,"[0, 9, 15, 15, 13, 18, 25, 29, 26, 35, 41, 39]",Acceptable,403
0.8,"[0, 12, 17, 17, 16, 21, 27, 28, 28, 36, 41, 41]",Successful,351
1.4,"[0, 9, 15, 16, 15, 22, 29, 31, 31, 41, 48, 44]",Failed,435
1.2,"[0, 15, 24, 20, 20, 28, 35, 35, 34, 44, 52, 49]",Acceptable,402
0.8,"[0, 11, 18, 18, 16, 21, 26, 27, 27, 39, 44, 42]",Successful,343
1.2,"[0, 8, 14, 13, 13, 17, 24, 26, 25, 34, 41, 39]",Acceptable,396
0.8,"[0, 10, 16, 15, 13, 20, 25, 26, 25, 32, 37, 36]",Successful,336
1.4,"[0, 11, 20, 18, 15, 24, 30, 35, 33, 42, 50, 47]",Acceptable,399
1.2,"[0, 15, 20, 23, 19, 28, 32, 37, 35, 46, 52, 52]",Acceptable,413
1.2,"[0, 17, 24, 25, 20, 30, 37, 38, 37, 47, 52, 50]",Acceptable,395
1.4,"[0, 13, 18, 17, 17, 24, 30, 35, 33, 43, 51, 48]",Acceptable,399
1.0,"[0, 10, 17, 15, 15, 21, 28, 29, 28, 35, 38, 39]",Successful,362
1.2,"[0, 16, 22, 22, 22, 27, 32, 38, 30, 47, 55, 52]",Acceptable,394
1.2,"[0, 16, 21, 23, 22, 27, 34, 38, 33, 44, 48, 49]",Acceptable,412
1.0,"[0, 12, 15, 20, 15, 24, 32, 29, 29, 42, 47, 46]",Successful,380
1.4,"[0, 13, 21, 21, 18, 26, 33, 35, 33, 45, 51, 49]",Failed,453
1.2,"[0, 9, 15, 14, 14, 17, 24, 23, 25, 36, 44, 41]",Acceptable,421
1.4,"[0, 15, 23, 24, 19, 28, 36, 39, 37, 50, 59, 56]",Failed,453
1.2,"[0, 14, 21, 21, 18, 26, 33, 35, 32, 43, 50, 47]",Acceptable,417
0.8,"[0, 10, 16, 14, 15, 20, 26, 27, 26, 35, 39, 39]",Successful,345
1.2,"[0, 11, 18, 19, 14, 24, 31, 29, 32, 41, 48, 46]",Acceptable,411
0.8,"[0, 10, 15, 15, 14, 20, 23, 27, 24, 37, 42, 43]",Successful,375
0.8,"[0, 12, 19, 17, 17, 24, 30, 29, 28, 36, 43, 39]",Successful,363
1.0,"[0, 15, 22, 21, 19, 25, 29, 31, 30, 40, 45, 43]",Acceptable,392
1.2,"[0, 17, 24, 22, 20, 29, 38, 37, 35, 48, 52, 51]",Acceptable,406
1.0,"[0, 14, 19, 20, 19, 23, 29, 32, 30, 40, 44, 44]",Successful,350
1.2,"[0, 12, 16, 17, 16, 22, 25, 31, 29, 41, 46, 45]",Acceptable,401
1.4,"[0, 17, 23, 24, 22, 29, 37, 39, 36, 46, 51, 51]",Acceptable,412
1.2,"[0, 13, 21, 21, 18, 24, 32, 32, 29, 38, 46, 43]",Acceptable,422
1.2,"[0, 11, 18, 17, 15, 22, 29, 32, 28, 43, 49, 47]",Acceptable,394
1.2,"[0, 9, 15, 17, 14, 20, 27, 31, 28, 39, 43, 43]",Acceptable,415
0.8,"[0, 16, 22, 21, 21, 24, 29, 31, 28, 37, 42, 41]",Successful,362
0.8,"[0, 11, 17, 15, 15, 21, 28, 27, 27, 38, 42, 42]",Successful,350
1.0,"[0, 8, 13, 15, 13, 19, 26, 26, 25, 36, 42, 40]",Successful,382
1.2,"[0, 14, 20, 21, 18, 24, 33, 34, 31, 44, 49, 48]",Acceptable,396
1.2,"[0, 17, 24, 21, 22, 27, 31, 36, 33, 45, 51, 50]",Successful,387
1.4,"[0, 10, 18, 17, 15, 23, 31, 30, 31, 36, 44, 40]",Acceptable,415
0.8,"[0, 13, 18, 18, 16, 21, 27, 28, 27, 37, 44, 40]",Successful,354
0.8,"[0, 16, 23, 20, 20, 26, 29, 34, 31, 39, 45, 43]",Successful,376
1.2,"[0, 13, 18, 18, 18, 23, 31, 30, 31, 40, 46, 45]",Acceptable,408
1.0,"[0, 13, 18, 19, 17, 22, 27, 33, 30, 40, 47, 44]",Successful,372
1.0,"[0, 16, 23, 21, 20, 27, 33, 34, 34, 43, 49, 46]",Successful,364
1.0,"[0, 11, 16, 16, 14, 19, 24, 25, 24, 36, 43, 40]",Successful,377
0.8,"[0, 8, 13, 13, 12, 17, 24, 22, 24, 32, 39, 36]",Successful,317
1.2,"[0, 10, 17, 15, 14, 21, 26, 26, 29, 39, 46, 44]",Acceptable,413
1.4,"[0, 15, 23, 23, 20, 28, 35, 36, 32, 47, 56, 52]",Failed,441
0.8,"[0, 9, 14, 15, 12, 19, 26, 26, 23, 32, 36, 36]",Successful,342
1.4,"[0, 17, 22, 25, 21, 30, 36, 41, 37, 47, 53, 52]",Failed,452
1.4,"[0, 13, 17, 21, 19, 26, 34, 37, 30, 44, 52, 48]",Failed,440
1.4,"[0, 14, 20, 22, 16, 26, 34, 37, 33, 44, 53, 49]",Failed,437
1.0,"[0, 11, 16, 17, 16, 22, 28, 30, 27, 38, 43, 42]",Successful,362
1.4,"[0, 17, 22, 24, 22, 30, 34, 38, 39, 47, 55, 52]",Failed,427
1.2,"[0, 12, 20, 19, 16, 23, 31, 33, 30, 40, 47, 44]",Acceptable,405
1.0,"[0, 12, 16, 19, 17, 21, 27, 28, 28, 37, 42, 41]",Acceptable,395
0.8,"[0, 9, 15, 17, 13, 21, 26, 30, 27, 37, 42, 41]",Successful,348
1.2,"[0, 17, 23, 23, 22, 28, 35, 38, 33, 47, 50, 51]",Successful,385
0.8,"[0, 9, 14, 14, 13, 16, 22, 22, 22, 28, 34, 30]",Successful,356
1.4,"[0, 12, 20, 17, 16, 24, 30, 34, 32, 44, 50, 47]",Failed,427
1.4,"[0, 13, 20, 20, 19, 25, 31, 35, 33, 45, 53, 49]",Failed,443
1.0,"[0, 15, 20, 23, 19, 28, 34, 36, 35, 43, 51, 45]",Successful,381
1.4,"[0, 14, 22, 20, 17, 26, 33, 36, 34, 47, 55, 51]",Acceptable,408
0.8,"[0, 14, 20, 20, 17, 23, 31, 28, 28, 40, 45, 44]",Successful,347
1.2,"[0, 11, 18, 18, 15, 23, 30, 34, 29, 43, 47, 49]",Successful,378
0.8,"[0, 14, 19, 19, 19, 22, 27, 28, 27, 36, 42, 40]",Successful,342
1.4,"[0, 13, 20, 21, 18, 26, 33, 37, 33, 43, 49, 48]",Acceptable,425
0.8,"[0, 8, 14, 12, 12, 19, 26, 29, 23, 35, 39, 38]",Successful,370
1.0,"[0, 14, 21, 19, 19, 26, 33, 33, 31, 42, 49, 46]",Successful,387
1.4,"[0, 15, 22, 23, 20, 27, 34, 38, 34, 48, 56, 53]",Failed,433
1.0,"[0, 12, 16, 17, 15, 21, 26, 27, 29, 34, 37, 39]",Successful,372
1.4,"[0, 15, 22, 23, 19, 28, 34, 36, 33, 46, 55, 49]",Failed,451
1.2,"[0, 12, 19, 19, 16, 22, 29, 32, 27, 41, 48, 46]",Successful,376
1.2,"[0, 15, 22, 22, 18, 27, 35, 37, 31, 44, 49, 49]",Acceptable,412
1.2,"[0, 10, 17, 16, 15, 22, 27, 31, 28, 42, 49, 46]",Acceptable,421
1.4,"[0, 14, 21, 22, 20, 25, 31, 33, 33, 41, 45, 45]",Acceptable,419
1.0,"[0, 11, 17, 15, 15, 21, 27, 29, 28, 40, 47, 44]",Successful,370
1.4,"[0, 13, 20, 20, 17, 25, 32, 33, 33, 43, 50, 48]",Failed,432
1.0,"[0, 10, 14, 17, 14, 19, 25, 26, 23, 33, 40, 37]",Successful,367
1.2,"[0, 11, 18, 18, 15, 22, 30, 33, 29, 42, 48, 47]",Successful,374
1.2,"[0, 9, 16, 14, 14, 21, 27, 31, 27, 40, 46, 43]",Acceptable,400
0.8,"[0, 8, 15, 13, 11, 19, 25, 25, 27, 39, 44, 44]",Successful,343
1.0,"[0, 12, 18, 17, 16, 22, 28, 30, 27, 37, 44, 41]",Successful,356
1.0,"[0, 9, 18, 17, 12, 21, 26, 32, 25, 40, 46, 45]",Successful,379
1.0,"[0, 13, 20, 19, 18, 24, 31, 32, 29, 40, 46, 45]",Successful,379
1.2,"[0, 10, 17, 15, 14, 22, 29, 32, 31, 41, 48, 45]",Acceptable,399
1.2,"[0, 10, 17, 15, 14, 21, 29, 29, 29, 40, 47, 43]",Acceptable,397
0.8,"[0, 13, 17, 18, 18, 22, 28, 27, 27, 34, 40, 37]",Successful,357
0.8,"[0, 17, 21, 21, 21, 25, 31, 32, 31, 39, 43, 44]",Successful,346
1.4,"[0, 10, 18, 18, 15, 20, 26, 30, 24, 40, 49, 44]",Failed,430
0.8,"[0, 12, 16, 17, 15, 20, 26, 28, 26, 36, 44, 39]",Successful,351
1.2,"[0, 12, 17, 19, 16, 23, 30, 33, 28, 38, 43, 43]",Acceptable,396
0.8,"[0, 10, 15, 16, 13, 19, 23, 29, 24, 37, 40, 41]",Successful,381
1.0,"[0, 14, 19, 20, 17, 23, 29, 30, 29, 37, 42, 41]",Successful,353
1.0,"[0, 13, 19, 18, 16, 23, 29, 30, 29, 36, 44, 40]",Acceptable,395
1.0,"[0, 13, 20, 18, 16, 24, 32, 32, 30, 41, 49, 46]",Successful,375
1.2,"[0, 15, 21, 22, 19, 27, 34, 33, 34, 44, 51, 49]",Successful,389
1.2,"[0, 14, 19, 21, 18, 25, 32, 35, 30, 45, 50, 50]",Successful,381
0.8,"[0, 10, 15, 14, 13, 18, 23, 24, 23, 32, 36, 36]",Successful,360
1.0,"[0, 11, 18, 18, 14, 23, 31, 31, 30, 41, 49, 45]",Successful,365
0.8,"[0, 7, 14, 14, 11, 18, 25, 24, 25, 33, 40, 37]",Successful,329
0.8,"[0, 10, 15, 14, 13, 18, 23, 25, 24, 37, 42, 40]",Successful,362
1.0,"[0, 14, 20, 18, 19, 23, 31, 32, 31, 43, 48, 46]",Successful,360
0.8,"[0, 13, 19, 19, 15, 22, 26, 27, 27, 34, 39, 38]",Successful,357
1.4,"[0, 14, 22, 22, 16, 26, 34, 37, 35, 46, 53, 49]",Failed,427
1.2,"[0, 14, 19, 22, 18, 26, 32, 33, 33, 41, 46, 46]",Acceptable,409
0.8,"[0, 16, 21, 21, 20, 24, 31, 33, 29, 41, 46, 45]",Successful,380
1.2,"[0, 11, 18, 18, 16, 21, 25, 28, 25, 38, 45, 44]",Acceptable,417
1.0,"[0, 11, 16, 17, 16, 20, 27, 27, 26, 36, 44, 39]",Acceptable,405
1.0,"[0, 16, 22, 22, 19, 25, 33, 32, 33, 43, 49, 47]",Acceptable,401
0.8,"[0, 16, 21, 20, 19, 24, 28, 32, 28, 38, 43, 41]",Successful,358
1.0,"[0, 15, 21, 22, 18, 27, 32, 35, 35, 44, 49, 48]",Successful,373
1.0,"[0, 12, 18, 16, 16, 23, 30, 30, 28, 38, 44, 42]",Successful,358
1.0,"[0, 11, 15, 18, 14, 22, 27, 29, 28, 38, 41, 41]",Acceptable,390
0.8,"[0, 14, 18, 22, 18, 24, 28, 31, 30, 40, 48, 45]",Successful,356
1.4,"[0, 10, 18, 18, 15, 22, 30, 30, 29, 41, 48, 47]",Acceptable,402
0.8,"[0, 11, 19, 16, 15, 23, 29, 29, 28, 34, 40, 37]",Successful,333
1.4,"[0, 17, 25, 23, 22, 27, 35, 38, 35, 47, 56, 49]",Acceptable,425
0.8,"[0, 15, 19, 21, 19, 25, 32, 33, 28, 40, 46, 42]",Successful,343
1.2,"[0, 17, 25, 23, 22, 30, 38, 38, 37, 48, 55, 53]",Acceptable,408
1.2,"[0, 13, 18, 16, 19, 23, 29, 29, 29, 35, 42, 39]",Successful,386
1.2,"[0, 16, 21, 20, 20, 24, 32, 32, 31, 41, 46, 46]",Acceptable,418
0.8,"[0, 15, 22, 22, 18, 25, 29, 33, 30, 39, 47, 44]",Successful,372
1.4,"[0, 17, 24, 23, 23, 29, 35, 35, 34, 45, 50, 49]",Acceptable,418
1.4,"[0, 12, 17, 20, 18, 25, 30, 36, 33, 41, 45, 46]",Failed,427
1.4,"[0, 17, 25, 24, 20, 30, 36, 39, 37, 49, 56, 54]",Acceptable,422
0.8,"[0, 10, 16, 16, 14, 20, 25, 26, 26, 34, 39, 38]",Successful,338
1.4,"[0, 12, 18, 19, 17, 24, 32, 35, 32, 45, 53, 49]",Failed,441
1.2,"[0, 7, 12, 11, 9, 16, 23, 25, 22, 34, 42, 38]",Successful,364
1.0,"[0, 11, 18, 17, 14, 22, 30, 32, 27, 38, 44, 42]",Successful,386
1.0,"[0, 10, 15, 15, 13, 19, 24, 24, 26, 30, 34, 34]",Successful,377
1.4,"[0, 15, 22, 21, 19, 27, 32, 38, 32, 47, 55, 52]",Failed,429
1.4,"[0, 12, 16, 18, 18, 24, 31, 34, 28, 40, 48, 43]",Acceptable,426
1.2,"[0, 12, 18, 20, 18, 24, 32, 34, 31, 44, 52, 49]",Failed,432
0.8,"[0, 12, 18, 19, 16, 23, 28, 31, 27, 40, 46, 44]",Successful,354
1.0,"[0, 12, 19, 19, 15, 23, 30, 30, 31, 42, 49, 45]",Successful,375
1.2,"[0, 14, 21, 22, 18, 25, 31, 32, 33, 41, 49, 45]",Acceptable,420
1.4,"[0, 16, 21, 21, 21, 25, 29, 36, 33, 47, 56, 52]",Failed,435
1.4,"[0, 17, 20, 24, 21, 28, 36, 39, 36, 47, 51, 53]",Acceptable,420
0.8,"[0, 9, 14, 13, 12, 17, 24, 24, 23, 32, 36, 36]",Successful,345
0.8,"[0, 12, 18, 19, 16, 22, 30, 28, 30, 38, 46, 42]",Successful,344
1.2,"[0, 11, 19, 18, 15, 22, 29, 32, 30, 44, 47, 47]",Acceptable,412
0.8,"[0, 9, 18, 17, 13, 23, 30, 31, 29, 38, 42, 41]",Successful,351
1.4,"[0, 17, 25, 25, 23, 30, 39, 39, 36, 49, 57, 54]",Acceptable,413
1.0,"[0, 11, 17, 16, 14, 22, 27, 32, 29, 42, 47, 47]",Successful,370
0.8,"[0, 12, 16, 18, 16, 23, 27, 31, 29, 39, 45, 42]",Successful,376
0.8,"[0, 8, 16, 14, 12, 20, 27, 25, 26, 35, 43, 39]",Successful,366
1.0,"[0, 9, 14, 15, 14, 18, 26, 22, 24, 34, 38, 39]",Successful,366
1.2,"[0, 10, 13, 17, 16, 21, 28, 29, 24, 39, 45, 44]",Acceptable,419
1.4,"[0, 13, 22, 21, 19, 26, 34, 31, 34, 44, 52, 48]",Acceptable,416
1.4,"[0, 15, 18, 23, 21, 26, 34, 30, 35, 43, 51, 46]",Acceptable,409
1.4,"[0, 14, 21, 20, 19, 25, 33, 35, 31, 44, 51, 48]",Failed,441
1.0,"[0, 12, 17, 18, 16, 21, 26, 26, 28, 36, 41, 39]",Successful,373
1.4,"[0, 17, 25, 21, 22, 28, 36, 40, 36, 49, 55, 54]",Acceptable,424
0.8,"[0, 12, 17, 18, 16, 23, 29, 31, 28, 40, 46, 44]",Successful,341
1.0,"[0, 14, 19, 21, 18, 24, 32, 31, 30, 41, 46, 46]",Acceptable,407
1.4,"[0, 11, 18, 18, 16, 23, 32, 29, 28, 39, 47, 43]",Failed,430
1.4,"[0, 16, 25, 23, 20, 31, 39, 40, 39, 49, 53, 52]",Acceptable,423
1.4,"[0, 17, 25, 25, 23, 28, 36, 34, 35, 42, 51, 47]",Acceptable,422
1.0,"[0, 14, 22, 18, 19, 25, 30, 35, 30, 44, 51, 49]",Successful,380
1.4,"[0, 17, 24, 24, 22, 29, 35, 37, 38, 47, 51, 52]",Acceptable,403
0.8,"[0, 13, 19, 20, 17, 23, 27, 31, 27, 38, 44, 42]",Successful,336
0.8,"[0, 16, 20, 22, 21, 26, 31, 34, 30, 44, 49, 49]",Successful,336
0.8,"[0, 8, 16, 13, 12, 20, 24, 27, 25, 32, 37, 37]",Successful,344
1.0,"[0, 15, 21, 21, 19, 25, 30, 36, 29, 42, 48, 47]",Successful,369
1.4,"[0, 13, 21, 19, 18, 26, 32, 31, 30, 41, 48, 45]",Failed,452
1.0,"[0, 9, 15, 15, 13, 18, 24, 26, 25, 33, 37, 37]",Successful,361
1.4,"[0, 16, 21, 22, 19, 26, 32, 31, 34, 42, 49, 45]",Failed,440
1.2,"[0, 12, 20, 19, 18, 25, 33, 32, 30, 45, 52, 50]",Acceptable,395
1.0,"[0, 17, 22, 22, 20, 26, 34, 34, 33, 44, 51, 47]",Successful,366
1.0,"[0, 17, 24, 24, 20, 27, 34, 36, 32, 43, 48, 48]",Successful,366
1.0,"[0, 14, 22, 20, 17, 26, 32, 35, 30, 41, 45, 45]",Successful,360
0.8,"[0, 13, 19, 17, 17, 24, 32, 35, 29, 41, 47, 45]",Successful,359
0.8,"[0, 14, 19, 21, 18, 25, 31, 30, 33, 40, 44, 44]",Successful,334
0.8,"[0, 11, 16, 16, 16, 20, 25, 30, 28, 38, 43, 42]",Successful,351
1.0,"[0, 14, 19, 21, 18, 24, 31, 32, 29, 41, 47, 44]",Successful,380
1.0,"[0, 12, 19, 21, 17, 26, 33, 34, 33, 42, 49, 46]",Successful,379
1.4,"[0, 10, 18, 15, 14, 22, 28, 33, 30, 43, 50, 47]",Failed,429
0.8,"[0, 8, 12, 15, 13, 19, 27, 25, 27, 34, 40, 38]",Successful,337
1.4,"[0, 15, 22, 22, 19, 27, 35, 36, 35, 44, 50, 48]",Acceptable,402
1.2,"[0, 16, 24, 23, 21, 28, 35, 36, 34, 42, 49, 47]",Acceptable,414
1.0,"[0, 11, 18, 17, 16, 24, 30, 30, 30, 40, 46, 45]",Successful,387
0.8,"[0, 10, 14, 16, 14, 19, 24, 25, 22, 30, 35, 34]",Successful,334
1.2,"[0, 11, 18, 17, 14, 22, 30, 30, 30, 39, 45, 43]",Acceptable,393
1.2,"[0, 10, 18, 16, 14, 24, 31, 35, 30, 43, 48, 48]",Successful,389
1.2,"[0, 13, 19, 19, 18, 24, 29, 34, 28, 41, 47, 46]",Acceptable,400
1.0,"[0, 15, 21, 21, 18, 24, 29, 30, 31, 36, 44, 39]",Successful,370
1.0,"[0, 12, 18, 19, 15, 22, 26, 30, 26, 37, 43, 41]",Acceptable,391
0.8,"[0, 14, 19, 22, 19, 27, 32, 34, 31, 43, 48, 46]",Successful,373
1.0,"[0, 8, 14, 15, 13, 19, 24, 28, 22, 37, 45, 42]",Successful,359
1.4,"[0, 14, 21, 18, 18, 24, 29, 32, 33, 42, 50, 46]",Failed,442
1.4,"[0, 10, 14, 15, 14, 21, 29, 28, 27, 35, 43, 39]",Failed,434
1.0,"[0, 11, 18, 17, 15, 22, 28, 31, 30, 39, 46, 42]",Successful,378
1.0,"[0, 9, 15, 15, 14, 20, 26, 30, 24, 40, 47, 45]",Acceptable,395
0.8,"[0, 8, 13, 16, 11, 20, 24, 26, 24, 34, 38, 38]",Successful,330
1.4,"[0, 14, 20, 20, 19, 23, 27, 32, 32, 40, 48, 43]",Acceptable,405
1.0,"[0, 14, 18, 21, 18, 26, 31, 34, 33, 43, 49, 49]",Successful,378
1.2,"[0, 16, 24, 22, 20, 27, 31, 33, 32, 42, 49, 45]",Acceptable,393
0.8,"[0, 13, 18, 19, 18, 24, 31, 31, 29, 38, 44, 41]",Successful,356
1.4,"[0, 9, 15, 17, 12, 23, 29, 33, 30, 43, 50, 48]",Failed,435
1.2,"[0, 11, 16, 19, 15, 24, 31, 33, 30, 42, 49, 46]",Acceptable,418
1.0,"[0, 12, 15, 16, 17, 23, 28, 34, 31, 40, 47, 44]",Successful,385
1.0,"[0, 10, 16, 14, 15, 21, 26, 32, 29, 41, 47, 46]",Acceptable,390
0.8,"[0, 14, 20, 20, 17, 24, 28, 34, 31, 42, 47, 46]",Successful,389
0.8,"[0, 10, 17, 16, 14, 20, 24, 27, 26, 34, 38, 39]",Successful,349
1.2,"[0, 11, 15, 15, 14, 20, 28, 29, 26, 39, 46, 43]",Acceptable,402
1.2,"[0, 18, 25, 26, 21, 30, 37, 40, 35, 50, 58, 53]",Acceptable,402
1.0,"[0, 16, 21, 23, 20, 27, 31, 37, 31, 45, 50, 49]",Successful,359
0.8,"[0, 9, 14, 15, 13, 18, 23, 26, 25, 33, 39, 37]",Successful,360
0.8,"[0, 11, 16, 18, 16, 22, 29, 29, 28, 38, 42, 41]",Successful,337
1.0,"[0, 10, 18, 16, 13, 22, 28, 33, 29, 38, 44, 42]",Acceptable,390
1.4,"[0, 10, 16, 18, 14, 23, 27, 28, 28, 38, 43, 43]",Acceptable,394
1.2,"[0, 16, 23, 23, 21, 28, 34, 35, 35, 45, 52, 49]",Acceptable,421
1.0,"[0, 14, 20, 22, 18, 27, 31, 33, 31, 40, 44, 43]",Successful,372
0.8,"[0, 9, 15, 14, 14, 18, 24, 28, 23, 36, 43, 41]",Successful,361
1.4,"[0, 11, 17, 18, 15, 22, 30, 33, 29, 41, 49, 46]",Acceptable,417
0.8,"[0, 9, 16, 13, 12, 21, 24, 26, 27, 35, 41, 39]",Successful,361
1.4,"[0, 18, 25, 24, 20, 30, 36, 40, 36, 49, 53, 52]",Failed,433
1.2,"[0, 13, 18, 18, 16, 24, 28, 30, 30, 37, 44, 41]",Successful,388
1.0,"[0, 15, 21, 22, 17, 26, 34, 35, 32, 43, 47, 47]",Successful,364
0.8,"[0, 12, 18, 19, 17, 22, 28, 27, 27, 34, 41, 38]",Successful,353
1.0,"[0, 13, 19, 18, 18, 24, 30, 29, 29, 39, 47, 43]",Successful,366
1.4,"[0, 11, 18, 17, 14, 22, 29, 30, 29, 38, 45, 42]",Failed,431
1.4,"[0, 15, 22, 23, 21, 28, 34, 36, 34, 44, 52, 50]",Acceptable,424
0.8,"[0, 11, 17, 15, 15, 23, 28, 32, 31, 42, 46, 46]",Successful,368
1.0,"[0, 12, 18, 18, 16, 23, 29, 31, 29, 39, 44, 44]",Successful,378
1.2,"[0, 14, 21, 21, 19, 25, 31, 34, 32, 43, 51, 47]",Acceptable,409
1.0,"[0, 14, 22, 21, 18, 26, 30, 32, 33, 40, 45, 45]",Successful,372
1.0,"[0, 15, 22, 22, 18, 26, 32, 33, 30, 42, 49, 46]",Successful,382
0.8,"[0, 8, 13, 12, 11, 17, 24, 26, 22, 33, 38, 36]",Successful,371
1.4,"[0, 16, 21, 24, 21, 29, 37, 36, 37, 44, 52, 48]",Acceptable,411
1.4,"[0, 10, 16, 18, 15, 24, 33, 31, 33, 44, 51, 50]",Acceptable,410
1.4,"[0, 16, 23, 23, 20, 28, 36, 39, 36, 49, 55, 53]",Acceptable,419
1.0,"[0, 14, 21, 20, 18, 24, 31, 33, 30, 43, 49, 46]",Successful,365
1.2,"[0, 16, 22, 24, 22, 29, 36, 39, 35, 47, 52, 50]",Acceptable,406
1.2,"[0, 14, 21, 21, 18, 26, 33, 31, 32, 43, 51, 47]",Failed,429
1.0,"[0, 17, 25, 23, 23, 28, 34, 33, 34, 41, 49, 46]",Acceptable,391
1.4,"[0, 15, 20, 23, 20, 27, 33, 37, 35, 47, 55, 53]",Failed,445
1.0,"[0, 12, 18, 19, 17, 23, 30, 33, 29, 42, 48, 46]",Successful,379
1.2,"[0, 13, 19, 20, 17, 25, 32, 33, 32, 41, 48, 46]",Failed,436
1.2,"[0, 13, 20, 20, 16, 25, 32, 35, 30, 42, 46, 47]",Acceptable,392
1.2,"[0, 16, 24, 21, 22, 27, 34, 35, 35, 40, 48, 44]",Acceptable,418
0.8,"[0, 12, 18, 17, 16, 21, 28, 27, 28, 34, 40, 37]",Successful,323
0.8,"[0, 8, 14, 14, 13, 17, 23, 23, 21, 29, 33, 34]",Successful,343
1.4,"[0, 9, 14, 17, 14, 21, 30, 31, 29, 41, 46, 45]",Acceptable,399
0.8,"[0, 9, 13, 14, 12, 18, 24, 24, 23, 33, 38, 39]",Successful,356
1.0,"[0, 15, 21, 20, 18, 24, 31, 31, 31, 38, 45, 43]",Successful,380
0.8,"[0, 10, 15, 18, 14, 22, 29, 28, 26, 36, 43, 40]",Successful,353
1.4,"[0, 12, 20, 17, 14, 25, 34, 36, 30, 45, 53, 49]",Failed,439
1.4,"[0, 11, 17, 19, 15, 25, 32, 36, 34, 42, 47, 48]",Acceptable,415
1.4,"[0, 16, 23, 20, 20, 28, 33, 36, 34, 45, 53, 48]",Acceptable,413
1.4,"[0, 13, 20, 20, 18, 25, 33, 36, 30, 47, 53, 50]",Acceptable,426
1.2,"[0, 16, 24, 22, 20, 28, 34, 38, 37, 45, 49, 48]",Acceptable,419
1.2,"[0, 13, 21, 18, 18, 24, 29, 34, 31, 41, 49, 45]",Successful,385
1.0,"[0, 11, 16, 19, 14, 23, 30, 31, 28, 40, 46, 44]",Successful,388
1.4,"[0, 9, 15, 15, 14, 19, 24, 24, 27, 39, 47, 43]",Acceptable,420
1.4,"[0, 17, 25, 25, 21, 30, 37, 40, 38, 51, 58, 57]",Failed,428
1.0,"[0, 12, 18, 17, 15, 22, 26, 28, 28, 38, 43, 43]",Successful,385
1.4,"[0, 16, 20, 21, 22, 25, 33, 35, 33, 44, 50, 48]",Acceptable,424
0.8,"[0, 10, 16, 14, 13, 20, 25, 26, 26, 30, 37, 33]",Successful,363
1.2,"[0, 11, 16, 18, 15, 24, 30, 31, 30, 38, 44, 42]",Acceptable,399
0.8,"[0, 8, 14, 13, 12, 17, 22, 24, 23, 31, 38, 35]",Successful,377
1.0,"[0, 14, 19, 21, 17, 24, 31, 31, 32, 39, 44, 44]",Successful,369
1.4,"[0, 7, 12, 14, 10, 20, 26, 28, 28, 39, 46, 42]",Acceptable,409
1.4,"[0, 15, 23, 22, 20, 26, 32, 32, 33, 41, 49, 46]",Acceptable,400
1.2,"[0, 12, 17, 19, 15, 24, 32, 31, 32, 38, 45, 41]",Successful,388
1.2,"[0, 13, 20, 18, 17, 25, 31, 32, 31, 42, 49, 46]",Acceptable,412
0.8,"[0, 8, 15, 14, 12, 17, 22, 24, 21, 32, 36, 36]",Successful,352
0.8,"[0, 13, 17, 16, 15, 21, 28, 28, 26, 34, 42, 37]",Successful,343
1.4,"[0, 10, 17, 15, 14, 19, 28, 30, 24, 40, 49, 46]",Acceptable,395
1.2,"[0, 16, 22, 20, 22, 27, 33, 32, 32, 40, 47, 44]",Acceptable,398
1.2,"[0, 16, 25, 22, 21, 28, 34, 33, 35, 46, 54, 49]",Acceptable,423
1.4,"[0, 14, 20, 22, 19, 28, 35, 39, 33, 47, 54, 51]",Acceptable,426
1.2,"[0, 16, 23, 22, 21, 27, 34, 36, 32, 46, 53, 50]",Acceptable,405
1.4,"[0, 9, 17, 17, 14, 22, 27, 31, 28, 42, 50, 48]",Acceptable,408
1.0,"[0, 12, 18, 17, 14, 21, 25, 29, 27, 33, 38, 36]",Successful,371
1.2,"[0, 13, 21, 20, 19, 24, 30, 32, 32, 42, 48, 45]",Acceptable,399
1.0,"[0, 9, 14, 16, 12, 19, 27, 27, 25, 35, 42, 40]",Successful,380
1.2,"[0, 14, 19, 22, 19, 27, 31, 38, 35, 44, 51, 48]",Acceptable,414
1.4,"[0, 11, 19, 15, 16, 25, 31, 31, 33, 43, 49, 48]",Failed,428
1.2,"[0, 17, 24, 23, 21, 29, 34, 37, 36, 44, 51, 50]",Acceptable,402
1.2,"[0, 12, 18, 18, 17, 23, 31, 29, 28, 36, 40, 41]",Successful,381
1.4,"[0, 15, 22, 19, 20, 27, 33, 34, 34, 42, 47, 46]",Failed,431
1.0,"[0, 16, 23, 20, 21, 26, 34, 33, 32, 42, 51, 47]",Successful,381
1.4,"[0, 10, 17, 18, 16, 23, 30, 31, 30, 40, 44, 46]",Acceptable,417
0.8,"[0, 12, 19, 18, 16, 23, 28, 31, 29, 41, 46, 44]",Successful,378
1.2,"[0, 11, 15, 19, 15, 22, 26, 33, 29, 40, 48, 45]",Acceptable,393
1.2,"[0, 16, 21, 22, 21, 27, 33, 36, 34, 44, 52, 49]",Acceptable,396
1.2,"[0, 12, 18, 18, 18, 20, 25, 27, 27, 38, 44, 42]",Acceptable,399
1.4,"[0, 15, 23, 20, 20, 29, 37, 38, 37, 49, 55, 54]",Failed,437
1.2,"[0, 16, 23, 22, 20, 26, 33, 33, 34, 44, 52, 49]",Acceptable,391
0.8,"[0, 9, 14, 15, 12, 18, 25, 25, 23, 34, 39, 38]",Successful,341
1.0,"[0, 12, 17, 18, 16, 22, 26, 28, 27, 36, 43, 39]",Acceptable,390
0.8,"[0, 14, 20, 20, 19, 24, 29, 32, 29, 40, 44, 43]",Successful,367
0.8,"[0, 10, 16, 17, 14, 20, 25, 30, 26, 35, 39, 38]",Successful,367
1.4,"[0, 14, 20, 19, 18, 25, 29, 33, 33, 42, 50, 47]",Failed,439
0.8,"[0, 14, 20, 20, 18, 24, 31, 34, 28, 39, 43, 43]",Successful,354
1.2,"[0, 11, 19, 18, 16, 23, 29, 33, 28, 41, 47, 46]",Acceptable,396
1.0,"[0, 10, 15, 18, 13, 21, 28, 30, 25, 37, 45, 41]",Successful,387
1.0,"[0, 10, 15, 17, 14, 21, 26, 28, 29, 36, 42, 40]",Successful,378
1.4,"[0, 15, 23, 23, 20, 28, 35, 39, 36, 50, 56, 55]",Acceptable,426
1.4,"[0, 8, 16, 12, 13, 20, 28, 28, 27, 37, 42, 41]",Failed,446
1.4,"[0, 15, 20, 20, 20, 24, 32, 34, 30, 45, 51, 50]",Acceptable,426
1.2,"[0, 13, 19, 20, 17, 24, 30, 35, 31, 45, 51, 49]",Failed,435
1.0,"[0, 16, 23, 21, 20, 28, 33, 34, 33, 40, 48, 44]",Successful,372
1.4,"[0, 14, 22, 22, 18, 27, 35, 35, 36, 42, 50, 47]",Acceptable,419
0.8,"[0, 10, 17, 15, 15, 22, 26, 27, 26, 32, 38, 36]",Successful,332
0.8,"[0, 7, 15, 15, 10, 18, 23, 27, 24, 33, 41, 36]",Successful,331
0.8,"[0, 14, 18, 21, 18, 24, 31, 31, 28, 38, 44, 44]",Successful,353
1.2,"[0, 10, 14, 19, 15, 24, 28, 35, 31, 43, 48, 47]",Successful,358
1.4,"[0, 13, 20, 19, 18, 24, 31, 31, 30, 41, 46, 45]",Acceptable,419
1.2,"[0, 13, 19, 20, 18, 23, 30, 31, 31, 39, 44, 42]",Acceptable,417
1.4,"[0, 11, 18, 17, 16, 22, 29, 33, 30, 43, 51, 49]",Acceptable,407
1.4,"[0, 15, 21, 19, 19, 24, 32, 33, 30, 44, 48, 50]",Acceptable,418
1.4,"[0, 16, 21, 22, 19, 24, 31, 34, 32, 38, 41, 43]",Failed,438
1.4,"[0, 17, 22, 23, 23, 27, 32, 37, 34, 47, 55, 52]",Acceptable,420
0.8,"[0, 11, 19, 16, 15, 23, 27, 31, 31, 37, 44, 40]",Successful,377
1.0,"[0, 14, 20, 21, 16, 25, 33, 33, 32, 42, 48, 46]",Successful,385
0.8,"[0, 9, 14, 14, 13, 19, 24, 26, 23, 35, 41, 38]",Successful,367
1.4,"[0, 17, 21, 25, 22, 30, 35, 40, 38, 50, 55, 55]",Failed,452
1.0,"[0, 12, 17, 16, 17, 21, 27, 28, 27, 36, 44, 40]",Successful,374
1.2,"[0, 12, 16, 19, 15, 24, 30, 33, 29, 40, 44, 43]",Acceptable,391
1.2,"[0, 13, 18, 19, 17, 24, 31, 32, 29, 42, 50, 46]",Acceptable,421
1.2,"[0, 13, 19, 21, 16, 24, 31, 32, 31, 41, 47, 44]",Acceptable,424
1.0,"[0, 9, 15, 17, 12, 21, 27, 31, 26, 37, 43, 41]",Successful,344
1.2,"[0, 13, 19, 20, 18, 25, 31, 35, 33, 43, 52, 47]",Successful,385
1.2,"[0, 8, 13, 15, 12, 19, 27, 29, 26, 38, 46, 43]",Acceptable,411
1.2,"[0, 15, 19, 22, 18, 27, 33, 32, 35, 46, 55, 49]",Acceptable,392
1.0,"[0, 9, 15, 16, 14, 21, 28, 29, 28, 37, 44, 41]",Successful,327
0.8,"[0, 11, 18, 16, 14, 21, 28, 29, 27, 38, 44, 41]",Successful,323
1.0,"[0, 14, 19, 21, 17, 26, 31, 34, 32, 42, 46, 46]",Successful,376
1.0,"[0, 16, 22, 22, 20, 26, 33, 36, 33, 43, 47, 47]",Successful,372
1.2,"[0, 15, 22, 21, 19, 27, 33, 36, 34, 45, 50, 50]",Acceptable,403
1.0,"[0, 15, 21, 22, 18, 25, 30, 31, 33, 41, 49, 45]",Acceptable,392
0.8,"[0, 10, 15, 17, 13, 21, 24, 27, 26, 32, 37, 37]",Successful,350
0.8,"[0, 9, 16, 13, 13, 19, 24, 29, 25, 36, 42, 42]",Successful,351
1.2,"[0, 13, 22, 21, 18, 26, 32, 34, 33, 42, 49, 47]",Acceptable,403
0.8,"[0, 12, 18, 18, 15, 21, 28, 28, 26, 39, 45, 43]",Successful,373
0.8,"[0, 11, 18, 17, 14, 21, 28, 26, 28, 33, 40, 38]",Successful,373
1.4,"[0, 16, 21, 21, 21, 24, 31, 34, 32, 40, 45, 45]",Failed,432
0.8,"[0, 17, 23, 24, 20, 27, 32, 35, 35, 44, 52, 47]",Successful,362
1.0,"[0, 13, 19, 18, 15, 23, 30, 30, 31, 39, 43, 43]",Successful,383
0.8,"[0, 10, 15, 15, 13, 20, 27, 28, 26, 36, 40, 41]",Successful,363
1.0,"[0, 9, 17, 17, 13, 21, 26, 31, 27, 39, 45, 44]",Successful,366
1.4,"[0, 17, 21, 26, 22, 30, 38, 41, 35, 49, 57, 55]",Acceptable,408
0.8,"[0, 10, 17, 15, 14, 22, 28, 29, 26, 34, 38, 38]",Successful,334
1.4,"[0, 14, 19, 22, 19, 28, 35, 34, 35, 41, 47, 45]",Failed,446
1.4,"[0, 13, 20, 21, 18, 27, 32, 36, 33, 42, 49, 47]",Acceptable,416
1.0,"[0, 9, 15, 15, 13, 19, 24, 27, 26, 36, 44, 40]",Successful,369
1.0,"[0, 12, 20, 19, 16, 23, 29, 33, 32, 40, 45, 43]",Successful,376
1.4,"[0, 14, 19, 19, 19, 24, 30, 36, 30, 46, 53, 51]",Acceptable,411
1.2,"[0, 10, 15, 18, 15, 21, 27, 29, 25, 39, 45, 44]",Acceptable,413
1.4,"[0, 17, 23, 23, 22, 28, 33, 34, 34, 44, 51, 47]",Failed,442
1.4,"[0, 11, 19, 18, 16, 24, 30, 31, 33, 42, 47, 48]",Acceptable,426
1.4,"[0, 12, 20, 20, 16, 25, 33, 37, 29, 47, 53, 51]",Failed,438
1.4,"[0, 8, 17, 13, 12, 23, 30, 33, 30, 42, 50, 47]",Acceptable,420
1.4,"[0, 16, 25, 24, 21, 31, 36, 42, 39, 51, 59, 55]",Failed,453
1.0,"[0, 14, 20, 20, 18, 25, 32, 33, 33, 39, 45, 43]",Successful,377
1.4,"[0, 17, 25, 23, 21, 30, 34, 40, 38, 46, 54, 51]",Acceptable,421
0.8,"[0, 14, 21, 18, 19, 26, 33, 35, 33, 44, 51, 48]",Successful,358
1.4,"[0, 11, 18, 19, 15, 24, 30, 33, 32, 42, 48, 47]",Acceptable,423
1.2,"[0, 12, 19, 19, 17, 24, 30, 31, 29, 38, 44, 42]",Successful,379
1.0,"[0, 14, 19, 21, 17, 26, 31, 32, 32, 37, 44, 40]",Successful,376
1.0,"[0, 12, 16, 18, 16, 22, 28, 28, 28, 40, 46, 44]",Successful,367
1.0,"[0, 12, 16, 20, 15, 24, 33, 32, 29, 38, 43, 41]",Successful,378
1.0,"[0, 8, 15, 16, 12, 21, 28, 30, 28, 38, 45, 43]",Successful,380
0.8,"[0, 9, 14, 14, 12, 18, 23, 25, 23, 33, 39, 38]",Successful,338
1.0,"[0, 14, 21, 22, 19, 26, 33, 36, 31, 45, 50, 50]",Successful,373
0.8,"[0, 10, 15, 15, 14, 18, 23, 25, 23, 35, 40, 38]",Successful,342
0.8,"[0, 13, 18, 17, 17, 21, 28, 30, 27, 38, 45, 43]",Successful,376
1.2,"[0, 14, 19, 19, 18, 24, 31, 35, 31, 41, 47, 44]",Acceptable,416
1.4,"[0, 17, 23, 25, 23, 31, 39, 38, 38, 50, 55, 54]",Acceptable,410
1.2,"[0, 16, 24, 21, 20, 29, 36, 38, 35, 48, 56, 50]",Successful,381
1.4,"[0, 16, 23, 22, 22, 27, 34, 32, 35, 45, 53, 49]",Failed,438
1.4,"[0, 15, 21, 24, 20, 30, 34, 40, 37, 48, 54, 53]",Acceptable,416
1.4,"[0, 15, 23, 22, 19, 29, 36, 40, 38, 51, 59, 56]",Acceptable,424
0.8,"[0, 9, 14, 13, 11, 18, 26, 26, 24, 31, 35, 37]",Successful,317
1.0,"[0, 15, 22, 21, 18, 25, 30, 30, 30, 36, 43, 40]",Acceptable,394
1.0,"[0, 12, 16, 18, 17, 23, 27, 29, 28, 39, 46, 43]",Successful,374
1.0,"[0, 9, 14, 13, 13, 18, 24, 27, 24, 36, 41, 40]",Successful,378
0.8,"[0, 16, 23, 20, 20, 28, 36, 36, 35, 46, 51, 49]",Successful,362
1.2,"[0, 14, 21, 18, 19, 26, 33, 36, 32, 45, 53, 50]",Successful,385
1.2,"[0, 12, 18, 18, 16, 22, 27, 30, 29, 39, 44, 44]",Acceptable,423
1.2,"[0, 13, 20, 17, 17, 23, 32, 32, 29, 41, 48, 44]",Acceptable,399
1.4,"[0, 15, 23, 22, 18, 28, 35, 33, 36, 45, 52, 48]",Failed,436
0.8,"[0, 10, 14, 16, 13, 20, 25, 27, 25, 33, 40, 36]",Successful,338
1.0,"[0, 10, 14, 18, 13, 21, 27, 29, 28, 38, 46, 41]",Successful,355
1.4,"[0, 15, 21, 20, 18, 26, 34, 36, 33, 46, 54, 51]",Acceptable,417
1.0,"[0, 14, 21, 22, 17, 26, 31, 34, 32, 45, 52, 50]",Successful,357
1.2,"[0, 10, 18, 17, 15, 23, 29, 32, 30, 38, 44, 42]",Successful,383
0.8,"[0, 13, 21, 17, 17, 24, 31, 32, 30, 38, 42, 43]",Successful,343
1.4,"[0, 17, 25, 25, 22, 30, 38, 35, 38, 44, 50, 49]",Acceptable,412
0.8,"[0, 7, 12, 14, 11, 17, 21, 24, 25, 32, 37, 37]",Successful,339
0.8,"[0, 11, 17, 16, 16, 21, 25, 27, 25, 35, 43, 38]",Successful,348
1.4,"[0, 9, 17, 14, 13, 22, 29, 28, 30, 37, 43, 42]",Failed,430
0.8,"[0, 9, 13, 17, 15, 20, 25, 26, 26, 34, 40, 38]",Successful,336
0.8,"[0, 10, 14, 15, 15, 21, 26, 31, 27, 40, 44, 43]",Successful,331
1.2,"[0, 14, 22, 21, 18, 25, 33, 34, 33, 44, 52, 48]",Acceptable,406
1.0,"[0, 11, 20, 17, 15, 24, 31, 30, 29, 40, 46, 42]",Successful,375
1.4,"[0, 16, 23, 24, 21, 29, 36, 40, 37, 50, 57, 54]",Failed,458
1.2,"[0, 17, 24, 22, 21, 28, 34, 37, 36, 43, 50, 48]",Acceptable,416
1.2,"[0, 12, 19, 19, 16, 23, 30, 33, 30, 43, 49, 46]",Acceptable,404
1.2,"[0, 16, 21, 22, 21, 27, 32, 36, 35, 45, 52, 50]",Acceptable,413
1.0,"[0, 16, 21, 23, 20, 26, 33, 34, 31, 41, 48, 45]",Acceptable,396
1.0,"[0, 10, 17, 15, 13, 20, 27, 29, 27, 36, 42, 40]",Acceptable,394
1.4,"[0, 15, 21, 22, 20, 27, 34, 34, 35, 44, 53, 48]",Failed,453
1.4,"[0, 12, 20, 19, 17, 25, 32, 34, 29, 40, 46, 45]",Failed,427
1.2,"[0, 15, 20, 23, 19, 28, 32, 35, 34, 45, 49, 50]",Acceptable,398
1.2,"[0, 13, 19, 18, 16, 23, 30, 33, 28, 39, 46, 43]",Acceptable,395
1.0,"[0, 15, 22, 22, 18, 27, 34, 33, 33, 42, 47, 45]",Successful,379
0.8,"[0, 12, 18, 17, 15, 21, 25, 28, 27, 35, 41, 40]",Successful,339
1.4,"[0, 11, 19, 19, 16, 22, 30, 31, 30, 40, 47, 44]",Acceptable,404
1.4,"[0, 16, 23, 24, 22, 29, 36, 34, 36, 42, 50, 46]",Failed,460
1.2,"[0, 13, 18, 18, 17, 22, 27, 30, 29, 41, 47, 46]",Acceptable,409
0.8,"[0, 11, 16, 16, 16, 20, 26, 31, 24, 38, 42, 42]",Successful,360
1.4,"[0, 16, 23, 24, 21, 28, 32, 39, 37, 47, 53, 52]",Failed,463
1.0,"[0, 15, 20, 21, 20, 24, 32, 33, 30, 45, 53, 48]",Acceptable,390
1.0,"[0, 11, 17, 16, 14, 22, 27, 27, 30, 36, 41, 40]",Successful,361
1.4,"[0, 16, 22, 21, 20, 27, 32, 36, 34, 47, 53, 53]",Failed,430
0.8,"[0, 12, 16, 16, 15, 20, 26, 26, 27, 33, 39, 36]",Successful,337
1.2,"[0, 15, 20, 24, 21, 27, 33, 36, 34, 45, 51, 50]",Acceptable,418
0.8,"[0, 11, 16, 18, 16, 22, 29, 29, 26, 37, 42, 41]",Successful,322
0.8,"[0, 8, 16, 15, 11, 19, 26, 26, 26, 32, 37, 35]",Successful,343
1.0,"[0, 13, 18, 19, 18, 23, 29, 31, 28, 37, 42, 43]",Successful,374
0.8,"[0, 16, 21, 22, 19, 25, 31, 30, 31, 38, 43, 43]",Successful,356
1.2,"[0, 12, 17, 19, 16, 23, 28, 30, 26, 39, 47, 42]",Acceptable,403
1.2,"[0, 11, 17, 19, 16, 25, 33, 34, 32, 42, 48, 46]",Acceptable,406
0.8,"[0, 8, 13, 14, 11, 18, 27, 29, 22, 39, 46, 42]",Successful,347
1.0,"[0, 11, 17, 18, 15, 21, 27, 29, 29, 39, 45, 44]",Acceptable,402
1.4,"[0, 12, 19, 18, 17, 25, 33, 33, 33, 39, 46, 45]",Acceptable,414
0.8,"[0, 14, 20, 19, 16, 25, 32, 32, 29, 40, 44, 44]",Successful,354
1.0,"[0, 11, 19, 15, 15, 22, 26, 32, 30, 39, 44, 42]",Successful,355
1.2,"[0, 17, 24, 21, 22, 27, 35, 36, 34, 42, 48, 46]",Failed,433
1.4,"[0, 15, 22, 23, 21, 27, 33, 34, 34, 44, 52, 49]",Acceptable,398
0.8,"[0, 11, 15, 17, 15, 20, 27, 28, 27, 34, 38, 37]",Successful,352
1.0,"[0, 14, 21, 21, 18, 23, 31, 30, 29, 40, 48, 44]",Acceptable,408
1.0,"[0, 15, 21, 21, 19, 25, 30, 34, 31, 42, 48, 46]",Acceptable,394
1.0,"[0, 16, 22, 22, 19, 26, 32, 34, 31, 42, 48, 44]",Successful,377
1.0,"[0, 13, 18, 21, 17, 24, 29, 31, 30, 40, 47, 44]",Acceptable,391
1.4,"[0, 15, 19, 23, 19, 27, 33, 37, 33, 48, 57, 53]",Failed,432
1.2,"[0, 13, 18, 20, 18, 25, 31, 32, 31, 43, 51, 48]",Acceptable,401
1.0,"[0, 12, 15, 18, 16, 24, 31, 30, 30, 39, 47, 43]",Successful,388
1.0,"[0, 16, 24, 22, 19, 29, 36, 35, 35, 42, 48, 46]",Acceptable,398
0.8,"[0, 11, 16, 16, 14, 21, 26, 28, 28, 34, 39, 38]",Successful,349
1.4,"[0, 12, 20, 19, 17, 25, 33, 35, 32, 44, 49, 48]",Failed,431
1.4,"[0, 16, 24, 24, 20, 29, 35, 38, 34, 48, 56, 51]",Failed,457
1.0,"[0, 12, 18, 18, 18, 21, 26, 31, 29, 37, 43, 41]",Successful,372
1.2,"[0, 8, 14, 14, 13, 18, 24, 29, 26, 37, 44, 42]",Acceptable,423
1.2,"[0, 13, 21, 17, 18, 24, 32, 34, 29, 44, 51, 48]",Acceptable,412
1.0,"[0, 10, 17, 16, 14, 21, 25, 28, 28, 38, 44, 41]",Successful,371
1.2,"[0, 12, 18, 17, 18, 22, 27, 31, 27, 40, 47, 44]",Acceptable,391
1.2,"[0, 13, 21, 21, 16, 25, 31, 34, 32, 42, 49, 47]",Acceptable,404
1.0,"[0, 7, 14, 12, 10, 18, 22, 27, 26, 37, 41, 39]",Successful,370
1.0,"[0, 14, 18, 19, 18, 23, 28, 28, 27, 37, 44, 41]",Successful,363
1.4,"[0, 11, 19, 17, 14, 24, 32, 35, 30, 42, 48, 47]",Acceptable,410
1.2,"[0, 12, 20, 16, 17, 25, 31, 34, 33, 41, 47, 46]",Acceptable,397
0.8,"[0, 9, 14, 17, 13, 20, 27, 29, 24, 36, 41, 39]",Successful,325
1.0,"[0, 9, 13, 17, 13, 21, 26, 33, 28, 43, 51, 45]",Acceptable,396
1.0,"[0, 15, 20, 21, 19, 24, 31, 33, 31, 40, 47, 43]",Successful,368
1.4,"[0, 13, 21, 20, 16, 27, 33, 38, 33, 49, 55, 54]",Failed,436
0.8,"[0, 16, 21, 21, 20, 25, 30, 30, 30, 39, 44, 41]",Successful,352
1.0,"[0, 12, 19, 18, 16, 23, 30, 30, 29, 40, 46, 45]",Successful,344
1.0,"[0, 9, 13, 15, 12, 19, 25, 27, 26, 34, 41, 39]",Successful,350
1.2,"[0, 8, 17, 12, 12, 22, 28, 30, 28, 35, 41, 40]",Acceptable,404
1.0,"[0, 7, 11, 14, 12, 17, 22, 26, 23, 35, 43, 39]",Successful,339
0.8,"[0, 8, 14, 14, 11, 19, 24, 27, 25, 34, 43, 38]",Successful,336
1.4,"[0, 13, 21, 21, 18, 26, 35, 37, 31, 47, 54, 52]",Acceptable,423
0.8,"[0, 13, 18, 18, 17, 21, 25, 31, 26, 41, 47, 44]",Successful,348
1.4,"[0, 13, 18, 20, 17, 26, 33, 36, 33, 47, 52, 51]",Failed,440
1.2,"[0, 16, 21, 21, 21, 26, 30, 35, 33, 43, 50, 47]",Acceptable,412
0.8,"[0, 16, 24, 22, 19, 28, 34, 34, 35, 41, 46, 46]",Successful,373
0.8,"[0, 13, 17, 19, 18, 24, 28, 30, 30, 41, 47, 45]",Successful,349
1.0,"[0, 11, 17, 17, 15, 21, 26, 29, 27, 37, 43, 42]",Successful,388
0.8,"[0, 10, 14, 16, 13, 20, 25, 28, 24, 35, 43, 39]",Successful,367
1.0,"[0, 11, 16, 16, 16, 20, 27, 28, 26, 35, 41, 40]",Successful,361
1.4,"[0, 14, 21, 22, 19, 25, 32, 32, 32, 43, 48, 48]",Acceptable,416
1.2,"[0, 15, 19, 24, 19, 29, 36, 39, 35, 51, 58, 55]",Acceptable,410
0.8,"[0, 9, 15, 14, 14, 18, 23, 24, 23, 29, 33, 32]",Successful,347
1.2,"[0, 9, 16, 14, 12, 21, 28, 28, 27, 34, 41, 37]",Successful,383
1.2,"[0, 11, 18, 17, 14, 24, 32, 33, 30, 40, 47, 45]",Acceptable,403
1.4,"[0, 11, 17, 18, 14, 21, 29, 29, 25, 37, 45, 41]",Failed,445
1.4,"[0, 9, 17, 16, 14, 22, 31, 28, 26, 37, 45, 40]",Acceptable,417
1.2,"[0, 15, 21, 20, 19, 26, 34, 36, 33, 41, 45, 46]",Acceptable,396
1.4,"[0, 13, 19, 20, 18, 25, 33, 32, 30, 41, 47, 46]",Acceptable,395
1.2,"[0, 13, 20, 20, 17, 25, 32, 37, 32, 48, 55, 52]",Acceptable,414
1.2,"[0, 13, 20, 16, 17, 24, 30, 31, 32, 38, 47, 43]",Acceptable,425
1.4,"[0, 11, 16, 19, 15, 23, 30, 30, 30, 37, 45, 41]",Failed,429
1.0,"[0, 13, 19, 19, 16, 25, 33, 33, 32, 41, 47, 47]",Successful,378
1.2,"[0, 10, 15, 18, 15, 21, 26, 31, 28, 41, 48, 46]",Acceptable,399
0.8,"[0, 9, 14, 16, 13, 19, 27, 25, 23, 33, 39, 38]",Successful,338
1.0,"[0, 12, 18, 17, 16, 21, 28, 31, 27, 39, 44, 43]",Successful,354
0.8,"[0, 7, 12, 11, 12, 16, 21, 23, 21, 31, 37, 34]",Successful,331
1.4,"[0, 17, 26, 23, 20, 30, 38, 40, 38, 51, 59, 55]",Failed,429
1.2,"[0, 14, 20, 20, 17, 24, 32, 33, 32, 43, 50, 46]",Acceptable,391
1.0,"[0, 13, 19, 21, 16, 26, 34, 32, 30, 40, 46, 45]",Successful,367
1.2,"[0, 13, 18, 19, 17, 21, 27, 29, 26, 36, 41, 39]",Acceptable,399
1.2,"[0, 15, 21, 21, 19, 26, 32, 35, 32, 45, 54, 49]",Failed,441
1.4,"[0, 13, 20, 19, 16, 25, 33, 30, 33, 38, 47, 42]",Failed,442
1.0,"[0, 14, 19, 19, 17, 24, 30, 32, 29, 44, 51, 48]",Successful,374
1.4,"[0, 14, 20, 20, 18, 23, 28, 28, 31, 38, 45, 43]",Failed,458
1.0,"[0, 8, 14, 12, 13, 18, 24, 24, 26, 32, 38, 36]",Successful,365
1.4,"[0, 9, 15, 17, 14, 21, 29, 31, 27, 41, 48, 46]",Acceptable,399
1.2,"[0, 11, 18, 15, 16, 23, 29, 33, 30, 40, 47, 45]",Acceptable,420
1.0,"[0, 13, 20, 18, 17, 24, 28, 31, 30, 40, 47, 44]",Acceptable,394
1.2,"[0, 12, 19, 19, 15, 23, 30, 35, 28, 42, 47, 46]",Acceptable,409
1.2,"[0, 9, 16, 16, 14, 20, 29, 27, 28, 39, 43, 42]",Acceptable,401
1.4,"[0, 13, 19, 20, 19, 25, 33, 35, 33, 41, 47, 45]",Acceptable,417
1.2,"[0, 14, 19, 18, 19, 22, 31, 28, 28, 42, 47, 47]",Acceptable,401
1.0,"[0, 11, 15, 16, 15, 20, 25, 31, 27, 42, 48, 46]",Successful,386
1.4,"[0, 15, 19, 23, 20, 27, 34, 38, 35, 50, 58, 55]",Acceptable,420
1.0,"[0, 17, 23, 21, 22, 28, 34, 38, 34, 44, 50, 48]",Successful,382
0.8,"[0, 7, 13, 13, 10, 18, 24, 28, 23, 39, 44, 42]",Successful,386
1.4,"[0, 17, 25, 22, 22, 30, 36, 41, 38, 51, 57, 56]",Failed,460
1.4,"[0, 12, 17, 21, 16, 26, 30, 37, 34, 47, 54, 52]",Failed,441
1.4,"[0, 12, 20, 16, 15, 22, 31, 32, 29, 43, 50, 46]",Acceptable,420
1.0,"[0, 9, 14, 15, 13, 19, 23, 29, 25, 37, 43, 42]",Successful,384
1.0,"[0, 18, 26, 24, 23, 30, 35, 39, 36, 47, 53, 50]",Acceptable,404
1.4,"[0, 16, 23, 22, 21, 26, 32, 36, 33, 46, 52, 51]",Failed,447
0.8,"[0, 9, 16, 15, 12, 18, 23, 25, 26, 34, 38, 38]",Successful,365
1.4,"[0, 17, 25, 24, 20, 28, 36, 39, 36, 49, 55, 55]",Failed,460
1.2,"[0, 15, 20, 22, 20, 27, 33, 36, 33, 45, 53, 49]",Acceptable,390
1.4,"[0, 15, 21, 22, 19, 27, 34, 38, 33, 47, 51, 50]",Failed,439
0.8,"[0, 10, 18, 15, 15, 20, 25, 27, 28, 34, 40, 39]",Successful,339
1.2,"[0, 10, 18, 17, 14, 23, 29, 32, 28, 41, 47, 45]",Successful,388
1.0,"[0, 12, 17, 16, 17, 21, 26, 31, 25, 39, 45, 44]",Successful,360
0.8,"[0, 11, 15, 15, 15, 18, 24, 25, 25, 30, 35, 33]",Successful,348
1.4,"[0, 17, 25, 25, 21, 28, 37, 37, 33, 42, 50, 47]",Failed,437
1.4,"[0, 14, 20, 22, 17, 27, 33, 37, 34, 48, 54, 53]",Failed,435
1.0,"[0, 16, 20, 21, 20, 26, 34, 36, 32, 44, 51, 47]",Successful,388
1.2,"[0, 11, 17, 15, 16, 20, 28, 30, 26, 39, 45, 41]",Acceptable,396
1.2,"[0, 15, 21, 22, 19, 26, 33, 37, 31, 44, 50, 47]",Acceptable,402
1.0,"[0, 12, 18, 19, 16, 23, 31, 31, 27, 40, 45, 45]",Successful,361
1.0,"[0, 9, 17, 14, 14, 20, 26, 28, 27, 35, 39, 40]",Successful,365
1.4,"[0, 15, 22, 21, 19, 25, 31, 36, 30, 43, 50, 46]",Acceptable,411
0.8,"[0, 15, 19, 20, 18, 24, 31, 30, 29, 37, 45, 41]",Successful,354
1.2,"[0, 11, 18, 18, 15, 22, 29, 32, 28, 38, 45, 42]",Acceptable,395
1.0,"[0, 12, 19, 18, 17, 23, 29, 31, 30, 41, 47, 44]",Acceptable,398
1.0,"[0, 12, 19, 17, 16, 23, 30, 30, 29, 36, 44, 39]",Successful,360
1.2,"[0, 13, 19, 20, 18, 26, 32, 35, 33, 41, 45, 45]",Acceptable,404
1.4,"[0, 13, 20, 17, 19, 24, 32, 33, 28, 43, 50, 48]",Acceptable,416
0.8,"[0, 12, 19, 18, 15, 22, 28, 29, 26, 35, 41, 38]",Successful,384
1.2,"[0, 15, 22, 22, 20, 27, 32, 38, 33, 46, 51, 50]",Acceptable,417
0.8,"[0, 8, 15, 15, 12, 19, 27, 27, 26, 33, 39, 36]",Successful,353
0.8,"[0, 8, 14, 12, 13, 19, 25, 27, 25, 33, 38, 36]",Successful,342
1.2,"[0, 16, 24, 19, 19, 30, 37, 42, 35, 52, 59, 57]",Acceptable,415
1.0,"[0, 11, 16, 17, 14, 20, 26, 29, 25, 39, 42, 44]",Successful,373
0.8,"[0, 16, 22, 21, 19, 27, 32, 34, 32, 42, 46, 46]",Successful,377
0.8,"[0, 12, 16, 18, 17, 21, 28, 29, 25, 36, 41, 39]",Successful,354
1.2,"[0, 13, 21, 21, 17, 26, 32, 31, 31, 43, 50, 49]",Successful,388
0.8,"[0, 9, 16, 15, 11, 20, 28, 27, 26, 36, 42, 39]",Successful,374
1.4,"[0, 13, 20, 19, 16, 25, 30, 34, 30, 43, 51, 48]",Acceptable,400
1.4,"[0, 17, 25, 25, 20, 28, 34, 39, 36, 47, 54, 52]",Failed,434
1.0,"[0, 9, 15, 14, 12, 19, 26, 27, 25, 37, 45, 42]",Successful,380
1.4,"[0, 10, 15, 14, 13, 20, 26, 30, 26, 41, 50, 45]",Failed,439
0.8,"[0, 15, 20, 21, 18, 27, 31, 35, 31, 44, 50, 47]",Successful,354
0.8,"[0, 10, 14, 14, 14, 19, 27, 27, 25, 34, 40, 38]",Successful,363
1.4,"[0, 17, 21, 25, 22, 31, 39, 41, 37, 52, 60, 57]",Failed,433
0.8,"[0, 11, 17, 17, 14, 19, 23, 26, 25, 35, 40, 38]",Successful,348
1.0,"[0, 15, 22, 22, 19, 25, 29, 31, 29, 39, 45, 44]",Successful,365
1.4,"[0, 18, 24, 26, 21, 32, 40, 40, 37, 51, 57, 56]",Acceptable,421
1.4,"[0, 12, 20, 18, 18, 25, 33, 35, 30, 46, 54, 51]",Acceptable,423
1.4,"[0, 9, 16, 15, 13, 19, 24, 31, 24, 41, 49, 47]",Acceptable,415
0.8,"[0, 14, 18, 19, 17, 22, 26, 28, 27, 33, 38, 37]",Successful,335
1.0,"[0, 16, 25, 24, 22, 30, 34, 36, 34, 45, 50, 48]",Successful,357
0.8,"[0, 8, 16, 14, 10, 20, 25, 28, 27, 39, 46, 42]",Successful,344
0.8,"[0, 10, 16, 15, 13, 20, 24, 27, 25, 36, 41, 39]",Successful,352
0.8,"[0, 15, 20, 23, 20, 25, 31, 32, 29, 43, 49, 47]",Successful,377
1.0,"[0, 7, 13, 14, 9, 16, 20, 25, 22, 35, 42, 38]",Successful,374
0.8,"[0, 14, 17, 22, 18, 25, 30, 30, 33, 41, 48, 44]",Successful,378
1.2,"[0, 17, 25, 25, 22, 28, 34, 38, 35, 48, 55, 52]",Acceptable,404
1.2,"[0, 14, 20, 21, 18, 25, 30, 34, 34, 41, 49, 45]",Acceptable,407
1.4,"[0, 14, 20, 20, 19, 25, 30, 36, 32, 47, 54, 53]",Failed,439
1.0,"[0, 12, 20, 18, 16, 24, 29, 32, 30, 43, 48, 46]",Successful,386
1.0,"[0, 11, 17, 17, 16, 21, 27, 28, 25, 37, 42, 41]",Successful,374
0.8,"[0, 10, 14, 18, 13, 21, 27, 26, 25, 34, 41, 39]",Successful,360
1.4,"[0, 16, 23, 22, 22, 26, 35, 36, 31, 45, 50, 49]",Successful,383
1.0,"[0, 8, 12, 13, 13, 17, 21, 27, 22, 35, 41, 39]",Successful,377
1.4,"[0, 12, 18, 20, 18, 24, 29, 35, 31, 46, 52, 50]",Failed,446
1.2,"[0, 12, 19, 19, 17, 22, 30, 30, 29, 37, 42, 40]",Acceptable,395
0.8,"[0, 8, 14, 15, 12, 18, 22, 23, 24, 30, 36, 33]",Successful,347
1.4,"[0, 12, 19, 18, 15, 23, 30, 32, 28, 42, 48, 47]",Acceptable,395
0.8,"[0, 9, 15, 13, 12, 20, 27, 27, 25, 33, 40, 37]",Successful,334
0.8,"[0, 15, 22, 20, 18, 26, 32, 34, 34, 40, 47, 44]",Successful,335
1.0,"[0, 12, 18, 19, 16, 24, 30, 32, 31, 41, 46, 45]",Successful,388
1.0,"[0, 12, 18, 18, 15, 21, 28, 30, 26, 39, 46, 44]",Successful,376
1.4,"[0, 17, 24, 25, 23, 31, 38, 43, 36, 52, 57, 56]",Failed,454
1.2,"[0, 15, 21, 22, 20, 26, 35, 36, 33, 43, 51, 47]",Acceptable,402
0.8,"[0, 11, 18, 18, 14, 21, 25, 29, 28, 34, 41, 37]",Successful,361
1.0,"[0, 11, 16, 16, 15, 20, 27, 29, 26, 36, 43, 40]",Successful,378
1.0,"[0, 12, 18, 18, 14, 22, 27, 29, 27, 37, 44, 40]",Successful,364
1.4,"[0, 18, 25, 25, 23, 30, 38, 42, 37, 53, 57, 57]",Acceptable,422
1.0,"[0, 7, 13, 12, 10, 18, 25, 28, 23, 34, 39, 38]",Successful,348
1.2,"[0, 11, 17, 20, 16, 25, 32, 35, 29, 46, 53, 51]",Acceptable,395
1.0,"[0, 12, 20, 19, 17, 24, 30, 32, 31, 39, 46, 44]",Successful,385
1.0,"[0, 14, 20, 20, 19, 24, 32, 36, 30, 45, 50, 49]",Successful,364
1.0,"[0, 11, 19, 15, 14, 21, 27, 29, 26, 39, 45, 44]",Successful,357
1.0,"[0, 13, 18, 18, 18, 23, 27, 29, 28, 37, 44, 40]",Successful,370
1.4,"[0, 14, 22, 22, 20, 27, 35, 38, 33, 43, 52, 47]",Acceptable,425
1.4,"[0, 16, 24, 22, 21, 30, 36, 38, 37, 46, 54, 51]",Acceptable,418
1.4,"[0, 14, 22, 21, 17, 26, 34, 32, 34, 42, 49, 46]",Failed,436
1.0,"[0, 15, 22, 22, 19, 26, 31, 34, 30, 40, 46, 45]",Acceptable,398
1.4,"[0, 15, 23, 18, 19, 29, 38, 34, 37, 44, 52, 49]",Acceptable,415
0.8,"[0, 15, 20, 18, 18, 24, 29, 32, 29, 40, 46, 45]",Successful,373
0.8,"[0, 10, 17, 17, 13, 20, 28, 30, 27, 35, 41, 38]",Successful,367
0.8,"[0, 16, 22, 22, 21, 25, 32, 37, 30, 48, 54, 52]",Successful,363
1.2,"[0, 10, 15, 18, 15, 22, 30, 30, 27, 39, 44, 43]",Acceptable,405
1.2,"[0, 15, 22, 21, 21, 25, 31, 34, 31, 43, 47, 46]",Successful,389
0.8,"[0, 14, 19, 18, 19, 23, 29, 32, 31, 42, 48, 44]",Successful,338
1.4,"[0, 11, 17, 19, 16, 23, 27, 31, 27, 42, 48, 48]",Acceptable,420
1.0,"[0, 13, 18, 21, 17, 25, 30, 32, 31, 40, 45, 43]",Successful,366
1.4,"[0, 12, 19, 20, 17, 24, 32, 30, 32, 43, 51, 49]",Failed,442
0.8,"[0, 14, 19, 19, 19, 24, 31, 32, 28, 41, 46, 44]",Successful,365
1.4,"[0, 8, 14, 11, 11, 18, 24, 28, 23, 39, 44, 44]",Acceptable,415
1.2,"[0, 13, 20, 17, 18, 23, 30, 32, 32, 40, 45, 44]",Acceptable,408
0.8,"[0, 11, 18, 16, 15, 21, 28, 27, 28, 35, 40, 39]",Successful,333
0.8,"[0, 14, 18, 19, 17, 22, 28, 30, 27, 36, 40, 39]",Successful,335
0.8,"[0, 13, 21, 19, 16, 26, 33, 36, 34, 46, 54, 50]",Successful,376
0.8,"[0, 12, 16, 15, 17, 20, 27, 27, 27, 33, 39, 36]",Successful,354
1.4,"[0, 13, 21, 21, 19, 26, 34, 35, 32, 45, 51, 48]",Acceptable,406
1.2,"[0, 16, 22, 22, 20, 26, 30, 35, 31, 42, 47, 47]",Successful,386
1.0,"[0, 13, 18, 17, 17, 22, 28, 31, 30, 41, 47, 46]",Successful,367
1.4,"[0, 11, 19, 15, 16, 24, 31, 32, 32, 39, 48, 42]",Failed,443
1.4,"[0, 17, 22, 23, 22, 28, 34, 39, 35, 48, 55, 52]",Failed,456
1.2,"[0, 15, 21, 22, 18, 27, 35, 37, 34, 45, 50, 51]",Acceptable,399
0.8,"[0, 10, 15, 16, 13, 20, 27, 28, 28, 39, 44, 44]",Successful,361
0.8,"[0, 10, 17, 18, 13, 22, 28, 29, 26, 34, 42, 39]",Successful,378
0.8,"[0, 7, 13, 12, 11, 17, 21, 25, 21, 34, 38, 38]",Successful,328
1.0,"[0, 17, 25, 23, 19, 27, 35, 36, 33, 45, 51, 50]",Successful,383
1.4,"[0, 15, 20, 23, 21, 27, 34, 36, 35, 47, 56, 53]",Failed,428
1.4,"[0, 11, 17, 19, 17, 23, 30, 34, 30, 43, 51, 48]",Acceptable,422
1.4,"[0, 17, 24, 26, 21, 30, 37, 38, 38, 44, 50, 47]",Acceptable,400
1.0,"[0, 11, 17, 17, 15, 22, 27, 29, 30, 36, 43, 40]",Successful,356
1.2,"[0, 15, 20, 22, 20, 26, 31, 32, 31, 42, 49, 44]",Acceptable,426
0.8,"[0, 11, 17, 17, 15, 21, 27, 30, 25, 38, 42, 41]",Successful,345
1.2,"[0, 14, 21, 19, 19, 25, 31, 35, 32, 46, 53, 50]",Acceptable,415
1.2,"[0, 14, 22, 20, 18, 26, 33, 36, 32, 46, 52, 49]",Acceptable,398
0.8,"[0, 12, 17, 17, 16, 22, 28, 31, 26, 38, 44, 42]",Successful,347
1.4,"[0, 16, 24, 22, 19, 29, 36, 39, 35, 49, 56, 53]",Acceptable,403
1.2,"[0, 9, 17, 16, 12, 22, 30, 33, 29, 42, 48, 47]",Acceptable,399
1.0,"[0, 14, 21, 20, 18, 25, 31, 31, 30, 42, 48, 46]",Successful,378
1.0,"[0, 14, 21, 20, 19, 24, 29, 30, 31, 36, 42, 39]",Successful,368
1.2,"[0, 16, 23, 24, 20, 29, 36, 37, 35, 45, 52, 49]",Successful,389
0.8,"[0, 10, 15, 14, 13, 18, 26, 28, 25, 35, 40, 38]",Successful,342
1.0,"[0, 10, 17, 16, 14, 20, 26, 31, 26, 42, 45, 45]",Successful,389
0.8,"[0, 10, 16, 15, 14, 20, 24, 26, 25, 33, 39, 35]",Successful,361
0.8,"[0, 16, 23, 21, 19, 26, 29, 36, 31, 44, 50, 49]",Successful,358
1.2,"[0, 10, 16, 14, 15, 21, 28, 30, 29, 40, 48, 43]",Acceptable,423
1.4,"[0, 13, 20, 19, 19, 25, 29, 35, 33, 44, 52, 48]",Failed,442
1.2,"[0, 12, 19, 20, 17, 25, 33, 33, 32, 39, 44, 44]",Acceptable,406
1.0,"[0, 12, 18, 19, 16, 22, 29, 33, 31, 42, 48, 46]",Successful,387
0.8,"[0, 9, 14, 14, 12, 18, 23, 24, 23, 31, 36, 34]",Successful,340
1.0,"[0, 10, 17, 17, 13, 21, 28, 32, 26, 43, 48, 46]",Successful,383
1.4,"[0, 9, 18, 15, 14, 23, 30, 34, 30, 45, 50, 49]",Acceptable,421
1.4,"[0, 6, 13, 14, 9, 17, 23, 28, 25, 39, 45, 43]",Failed,433
1.0,"[0, 15, 21, 21, 20, 26, 32, 33, 32, 39, 45, 44]",Successful,370
1.4,"[0, 17, 22, 24, 20, 27, 31, 35, 34, 45, 51, 51]",Acceptable,426
0.8,"[0, 13, 18, 20, 15, 25, 30, 32, 31, 41, 48, 45]",Successful,364
1.0,"[0, 10, 16, 15, 15, 21, 26, 30, 26, 35, 42, 39]",Successful,362
1.2,"[0, 9, 16, 17, 14, 22, 28, 27, 29, 39, 46, 43]",Acceptable,405
0.8,"[0, 8, 12, 12, 11, 14, 20, 21, 23, 31, 37, 35]",Successful,370
1.0,"[0, 16, 21, 21, 19, 27, 34, 34, 31, 39, 43, 43]",Successful,374
1.2,"[0, 18, 26, 24, 23, 31, 38, 40, 39, 50, 55, 53]",Acceptable,419
0.8,"[0, 11, 17, 15, 14, 21, 27, 29, 27, 34, 41, 39]",Successful,335
1.4,"[0, 13, 19, 20, 18, 25, 34, 31, 32, 44, 51, 49]",Failed,428
1.0,"[0, 13, 19, 20, 17, 25, 31, 30, 32, 40, 48, 44]",Successful,373
1.2,"[0, 9, 14, 15, 13, 20, 27, 29, 26, 39, 45, 43]",Successful,383
1.4,"[0, 15, 20, 23, 19, 28, 34, 38, 35, 44, 52, 48]",Failed,446
1.4,"[0, 10, 14, 15, 15, 19, 27, 27, 26, 35, 41, 39]",Acceptable,410
1.2,"[0, 10, 15, 18, 14, 20, 24, 29, 27, 36, 44, 40]",Acceptable,409
1.0,"[0, 11, 16, 16, 14, 22, 31, 30, 27, 39, 46, 42]",Acceptable,393
1.2,"[0, 15, 22, 19, 19, 25, 30, 33, 32, 39, 47, 44]",Acceptable,420
0.8,"[0, 13, 18, 18, 16, 22, 28, 30, 30, 39, 46, 44]",Successful,365
1.4,"[0, 9, 15, 14, 13, 20, 28, 29, 28, 36, 43, 40]",Acceptable,421
0.8,"[0, 7, 12, 11, 10, 15, 19, 21, 21, 28, 34, 31]",Successful,348
1.0,"[0, 12, 16, 17, 16, 21, 28, 28, 27, 35, 39, 39]",Acceptable,396
1.4,"[0, 16, 21, 24, 22, 30, 38, 38, 38, 50, 58, 55]",Failed,433
1.0,"[0, 12, 17, 20, 17, 23, 27, 30, 29, 39, 44, 43]",Successful,347
1.0,"[0, 12, 18, 17, 15, 22, 28, 32, 30, 37, 42, 42]",Successful,383
1.2,"[0, 12, 18, 19, 16, 24, 28, 29, 31, 37, 44, 41]",Successful,388
1.0,"[0, 8, 14, 15, 12, 21, 28, 27, 29, 38, 43, 43]",Successful,355
1.0,"[0, 9, 13, 14, 12, 18, 24, 25, 25, 36, 41, 42]",Successful,345
1.2,"[0, 16, 22, 23, 20, 26, 31, 36, 35, 43, 50, 46]",Acceptable,409
1.0,"[0, 12, 20, 16, 14, 25, 29, 31, 31, 36, 45, 39]",Successful,374
1.4,"[0, 14, 21, 21, 18, 26, 31, 35, 35, 40, 47, 42]",Acceptable,417
0.8,"[0, 12, 17, 17, 15, 20, 24, 26, 29, 35, 42, 38]",Successful,344
0.8,"[0, 9, 13, 15, 12, 18, 25, 25, 25, 31, 36, 35]",Successful,341
1.0,"[0, 9, 13, 15, 13, 19, 23, 28, 24, 37, 44, 39]",Successful,353
1.4,"[0, 17, 23, 25, 21, 28, 36, 38, 34, 47, 53, 53]",Failed,461
1.4,"[0, 16, 24, 23, 22, 28, 33, 39, 34, 51, 59, 56]",Acceptable,414
1.4,"[0, 13, 17, 19, 18, 24, 28, 33, 33, 41, 49, 45]",Failed,435
1.4,"[0, 14, 19, 21, 18, 27, 35, 37, 33, 46, 54, 51]",Acceptable,422
1.0,"[0, 10, 16, 15, 14, 21, 29, 31, 25, 38, 44, 42]",Successful,383
0.8,"[0, 16, 22, 22, 20, 26, 31, 32, 30, 44, 51, 48]",Successful,357
1.2,"[0, 15, 21, 21, 20, 25, 33, 34, 31, 44, 50, 48]",Acceptable,409
1.4,"[0, 13, 18, 19, 17, 24, 31, 33, 32, 44, 50, 49]",Failed,441
1.4,"[0, 15, 24, 22, 20, 28, 35, 39, 34, 50, 57, 54]",Acceptable,403
1.4,"[0, 14, 22, 21, 19, 26, 31, 34, 32, 45, 50, 50]",Acceptable,411
1.2,"[0, 11, 19, 19, 16, 24, 29, 35, 32, 43, 50, 46]",Successful,378
1.4,"[0, 16, 23, 23, 21, 27, 34, 37, 35, 45, 53, 49]",Acceptable,422
1.0,"[0, 9, 14, 16, 13, 21, 27, 28, 26, 36, 41, 42]",Successful,370
0.8,"[0, 8, 11, 15, 11, 20, 24, 29, 29, 38, 46, 40]",Successful,355
1.4,"[0, 15, 24, 22, 18, 29, 34, 35, 37, 48, 53, 54]",Failed,439
1.4,"[0, 16, 20, 22, 19, 27, 35, 33, 34, 45, 50, 49]",Acceptable,425
1.2,"[0, 16, 21, 22, 20, 26, 33, 36, 35, 45, 52, 49]",Acceptable,422
1.0,"[0, 7, 14, 12, 11, 16, 22, 24, 19, 33, 38, 37]",Successful,366
0.8,"[0, 9, 14, 13, 13, 17, 25, 27, 21, 37, 44, 42]",Successful,367
1.0,"[0, 11, 16, 16, 17, 21, 25, 32, 28, 40, 46, 44]",Successful,369
1.2,"[0, 14, 21, 20, 19, 25, 31, 31, 30, 38, 45, 43]",Acceptable,418
1.4,"[0, 15, 22, 22, 20, 26, 32, 35, 33, 42, 46, 47]",Acceptable,400
1.2,"[0, 11, 17, 18, 17, 23, 30, 32, 30, 40, 45, 43]",Successful,373
1.2,"[0, 8, 12, 15, 11, 20, 26, 27, 28, 38, 44, 41]",Successful,373
1.0,"[0, 12, 18, 20, 18, 25, 30, 36, 33, 47, 51, 50]",Successful,368
1.2,"[0, 15, 20, 20, 21, 25, 31, 32, 31, 41, 49, 46]",Acceptable,400
1.2,"[0, 10, 17, 15, 12, 22, 30, 30, 29, 40, 45, 43]",Acceptable,420
1.0,"[0, 8, 15, 17, 12, 21, 28, 29, 28, 38, 44, 42]",Successful,374
1.0,"[0, 11, 18, 16, 15, 22, 29, 30, 28, 36, 42, 40]",Successful,359
0.8,"[0, 16, 21, 20, 19, 26, 30, 34, 32, 41, 45, 46]",Successful,350
1.4,"[0, 11, 18, 19, 16, 24, 31, 32, 31, 43, 51, 48]",Acceptable,417
0.8,"[0, 9, 13, 14, 13, 17, 23, 22, 23, 32, 38, 35]",Successful,342
0.8,"[0, 10, 14, 18, 13, 21, 27, 30, 25, 38, 45, 41]",Successful,362
0.8,"[0, 12, 16, 16, 16, 19, 24, 27, 24, 33, 39, 36]",Successful,377
0.8,"[0, 8, 14, 15, 12, 19, 26, 25, 25, 36, 42, 41]",Successful,347
1.2,"[0, 13, 18, 21, 17, 23, 30, 33, 29, 42, 50, 45]",Acceptable,409
1.2,"[0, 15, 21, 23, 20, 27, 34, 35, 31, 43, 47, 48]",Acceptable,395
1.4,"[0, 12, 18, 20, 16, 24, 32, 36, 32, 42, 47, 44]",Failed,430
0.8,"[0, 14, 21, 22, 19, 27, 32, 34, 34, 40, 47, 45]",Successful,345
1.4,"[0, 15, 22, 22, 20, 26, 31, 36, 33, 45, 53, 51]",Acceptable,424
1.0,"[0, 15, 20, 21, 21, 24, 29, 30, 29, 40, 46, 43]",Acceptable,408
0.8,"[0, 8, 14, 14, 11, 17, 22, 25, 21, 33, 40, 37]",Successful,367
1.4,"[0, 14, 22, 21, 18, 27, 35, 33, 32, 43, 49, 45]",Failed,431
1.2,"[0, 13, 21, 21, 18, 26, 31, 36, 32, 43, 48, 47]",Acceptable,407
1.4,"[0, 16, 24, 24, 21, 27, 32, 37, 35, 45, 53, 50]",Acceptable,426
0.8,"[0, 13, 18, 18, 18, 22, 29, 32, 29, 40, 45, 44]",Successful,327
0.8,"[0, 10, 14, 17, 14, 20, 26, 26, 25, 35, 39, 38]",Successful,347
0.8,"[0, 12, 16, 19, 17, 22, 27, 29, 27, 34, 40, 39]",Successful,355
1.0,"[0, 16, 22, 21, 20, 27, 35, 35, 31, 45, 49, 50]",Successful,371
0.8,"[0, 12, 18, 16, 15, 21, 25, 29, 27, 35, 41, 38]",Successful,357
1.4,"[0, 6, 13, 14, 9, 19, 27, 30, 24, 41, 47, 45]",Acceptable,422
1.0,"[0, 15, 22, 21, 20, 25, 31, 31, 32, 39, 47, 43]",Successful,378
1.4,"[0, 10, 16, 16, 14, 22, 30, 29, 30, 40, 46, 44]",Acceptable,410
0.8,"[0, 11, 19, 16, 15, 22, 28, 30, 27, 39, 45, 41]",Successful,345
1.0,"[0, 7, 13, 15, 12, 19, 23, 27, 27, 37, 43, 40]",Successful,370
1.4,"[0, 17, 25, 24, 22, 30, 34, 40, 37, 48, 54, 50]",Failed,434
1.0,"[0, 16, 22, 21, 20, 26, 31, 34, 33, 43, 49, 46]",Successful,368
1.0,"[0, 13, 21, 18, 18, 25, 30, 33, 31, 39, 47, 41]",Successful,370
1.0,"[0, 15, 19, 21, 20, 26, 31, 34, 31, 41, 47, 45]",Acceptable,396
1.4,"[0, 17, 26, 24, 21, 31, 39, 38, 39, 48, 56, 53]",Failed,449
0.8,"[0, 15, 23, 19, 19, 27, 33, 36, 32, 46, 53, 51]",Successful,348
0.8,"[0, 17, 22, 21, 21, 25, 32, 33, 31, 40, 46, 44]",Successful,366
1.0,"[0, 10, 16, 17, 14, 21, 28, 29, 26, 38, 44, 42]",Successful,383
0.8,"[0, 10, 18, 16, 13, 23, 30, 31, 29, 36, 40, 41]",Successful,342
1.2,"[0, 13, 20, 21, 18, 26, 33, 33, 33, 39, 43, 44]",Acceptable,408
1.4,"[0, 13, 20, 17, 19, 24, 30, 35, 30, 46, 50, 52]",Acceptable,417
0.8,"[0, 9, 15, 17, 12, 19, 26, 28, 25, 34, 38, 38]",Successful,325
1.0,"[0, 7, 12, 13, 10, 18, 24, 25, 22, 32, 37, 38]",Successful,361
0.8,"[0, 6, 13, 12, 10, 18, 23, 27, 24, 35, 38, 40]",Successful,370
1.4,"[0, 12, 18, 21, 17, 26, 34, 37, 33, 42, 48, 45]",Acceptable,407
1.0,"[0, 15, 20, 24, 21, 29, 35, 35, 33, 44, 49, 49]",Acceptable,391
1.0,"[0, 12, 18, 18, 14, 23, 28, 30, 29, 38, 42, 41]",Successful,358
1.4,"[0, 17, 24, 25, 22, 30, 39, 36, 34, 49, 54, 55]",Failed,435
1.2,"[0, 13, 20, 19, 18, 25, 29, 31, 29, 41, 47, 45]",Successful,377
1.4,"[0, 15, 22, 22, 19, 27, 34, 34, 34, 43, 51, 49]",Failed,432
1.2,"[0, 15, 24, 21, 19, 29, 37, 37, 36, 46, 53, 50]",Acceptable,414
1.4,"[0, 17, 25, 21, 21, 31, 40, 42, 35, 51, 59, 56]",Failed,438
1.2,"[0, 14, 20, 20, 18, 24, 31, 30, 28, 36, 43, 39]",Successful,386
1.4,"[0, 16, 24, 24, 21, 28, 33, 38, 35, 47, 51, 53]",Failed,438
1.2,"[0, 13, 20, 17, 17, 24, 32, 31, 31, 39, 47, 44]",Acceptable,415
0.8,"[0, 14, 20, 18, 18, 25, 31, 34, 30, 41, 46, 44]",Successful,356
1.4,"[0, 9, 16, 13, 13, 21, 26, 29, 25, 37, 45, 43]",Acceptable,405
1.4,"[0, 16, 22, 24, 20, 28, 35, 37, 35, 47, 54, 52]",Acceptable,406
1.0,"[0, 7, 15, 12, 10, 20, 28, 29, 27, 40, 44, 45]",Successful,377
1.0,"[0, 8, 13, 14, 12, 19, 25, 26, 25, 35, 41, 38]",Successful,365
1.2,"[0, 12, 17, 20, 18, 25, 29, 35, 30, 45, 50, 50]",Acceptable,413
1.2,"[0, 8, 13, 16, 12, 21, 28, 27, 25, 35, 40, 38]",Acceptable,402
1.4,"[0, 16, 20, 20, 21, 25, 31, 35, 31, 44, 51, 49]",Failed,429
0.8,"[0, 14, 18, 20, 19, 24, 32, 34, 29, 39, 43, 42]",Successful,327
1.2,"[0, 14, 21, 21, 16, 24, 32, 35, 30, 45, 50, 49]",Acceptable,400
1.4,"[0, 7, 13, 14, 12, 19, 26, 30, 26, 40, 48, 46]",Failed,431
1.2,"[0, 9, 14, 15, 14, 20, 27, 30, 29, 40, 47, 46]",Successful,387
0.8,"[0, 15, 21, 18, 18, 25, 31, 32, 29, 38, 44, 43]",Successful,359
1.0,"[0, 9, 17, 15, 13, 19, 24, 27, 25, 36, 41, 40]",Acceptable,392
1.0,"[0, 9, 15, 13, 13, 19, 27, 29, 25, 39, 44, 44]",Successful,365
1.2,"[0, 15, 21, 20, 18, 25, 34, 32, 32, 41, 49, 46]",Acceptable,414
1.0,"[0, 11, 19, 15, 14, 23, 27, 32, 31, 40, 46, 43]",Acceptable,398
1.2,"[0, 12, 20, 20, 17, 24, 31, 32, 30, 40, 47, 44]",Successful,368
0.8,"[0, 8, 15, 13, 13, 18, 25, 24, 24, 32, 40, 36]",Successful,344
1.2,"[0, 14, 23, 18, 19, 27, 33, 34, 34, 42, 47, 47]",Acceptable,399
1.2,"[0, 16, 22, 21, 20, 26, 34, 34, 33, 44, 50, 47]",Acceptable,404
1.0,"[0, 13, 19, 19, 18, 24, 31, 33, 29, 43, 49, 46]",Successful,373
0.8,"[0, 15, 19, 21, 19, 25, 30, 31, 28, 41, 45, 43]",Successful,367
1.4,"[0, 13, 18, 18, 17, 23, 29, 30, 30, 41, 47, 44]",Acceptable,422
1.2,"[0, 10, 17, 17, 15, 21, 28, 32, 27, 39, 47, 42]",Acceptable,416
1.4,"[0, 11, 17, 19, 17, 24, 30, 36, 32, 44, 49, 49]",Failed,440
1.0,"[0, 11, 17, 19, 14, 23, 27, 33, 30, 38, 44, 42]",Successful,381
0.8,"[0, 11, 16, 16, 14, 20, 25, 26, 26, 31, 35, 35]",Successful,327
0.8,"[0, 12, 18, 17, 16, 22, 27, 28, 25, 38, 44, 42]",Successful,345
0.8,"[0, 9, 13, 14, 13, 18, 25, 25, 25, 31, 38, 34]",Successful,339
1.2,"[0, 14, 20, 21, 16, 26, 32, 32, 32, 43, 50, 48]",Acceptable,395
1.2,"[0, 12, 17, 18, 15, 22, 27, 28, 30, 40, 47, 45]",Acceptable,409
1.0,"[0, 17, 24, 22, 20, 29, 36, 35, 38, 46, 52, 50]",Successful,383
1.4,"[0, 17, 25, 23, 21, 31, 36, 37, 40, 50, 54, 56]",Failed,427
1.2,"[0, 13, 21, 19, 17, 26, 33, 33, 34, 44, 52, 47]",Acceptable,393
1.2,"[0, 9, 16, 16, 13, 21, 26, 29, 25, 36, 44, 41]",Acceptable,391
0.8,"[0, 10, 14, 14, 14, 18, 26, 27, 23, 37, 42, 40]",Successful,338
1.2,"[0, 14, 20, 21, 17, 25, 31, 32, 30, 39, 43, 44]",Successful,378
0.8,"[0, 9, 14, 15, 12, 18, 25, 27, 23, 36, 41, 41]",Successful,361
1.2,"[0, 14, 21, 19, 18, 25, 32, 35, 30, 46, 51, 50]",Failed,437
0.8,"[0, 11, 17, 15, 14, 20, 25, 28, 25, 33, 39, 37]",Successful,366
0.8,"[0, 12, 19, 19, 17, 22, 26, 30, 28, 35, 39, 40]",Successful,337
1.0,"[0, 17, 23, 24, 20, 28, 36, 36, 33, 44, 52, 48]",Successful,354
0.8,"[0, 12, 18, 20, 15, 26, 30, 32, 30, 40, 46, 43]",Successful,367
1.2,"[0, 15, 22, 22, 19, 27, 34, 34, 32, 45, 51, 50]",Acceptable,405
1.2,"[0, 11, 15, 15, 15, 18, 24, 28, 25, 34, 40, 39]",Acceptable,401
1.0,"[0, 13, 20, 21, 16, 25, 31, 30, 32, 40, 45, 44]",Successful,378
1.0,"[0, 11, 18, 19, 15, 21, 27, 29, 27, 40, 47, 43]",Successful,378
1.4,"[0, 16, 23, 24, 19, 30, 34, 39, 35, 49, 53, 53]",Acceptable,424
1.4,"[0, 15, 22, 20, 20, 28, 36, 36, 33, 47, 55, 50]",Failed,436
1.4,"[0, 16, 23, 24, 22, 29, 35, 38, 37, 47, 54, 53]",Acceptable,416
1.2,"[0, 16, 22, 22, 20, 26, 33, 34, 34, 44, 50, 47]",Successful,368
0.8,"[0, 8, 12, 12, 11, 16, 22, 26, 23, 32, 38, 35]",Successful,335
1.0,"[0, 10, 16, 17, 15, 21, 25, 31, 26, 36, 42, 41]",Successful,369
0.8,"[0, 10, 18, 17, 14, 23, 30, 30, 28, 38, 43, 43]",Successful,366
1.0,"[0, 13, 20, 18, 18, 24, 27, 35, 29, 41, 48, 45]",Successful,367
1.4,"[0, 16, 24, 21, 21, 30, 38, 41, 37, 48, 55, 53]",Acceptable,393
1.4,"[0, 10, 16, 18, 15, 23, 30, 32, 31, 41, 48, 46]",Acceptable,416
1.0,"[0, 12, 21, 17, 16, 26, 33, 32, 30, 43, 50, 46]",Successful,352
0.8,"[0, 13, 18, 17, 16, 23, 29, 29, 31, 39, 43, 43]",Successful,369
1.2,"[0, 13, 21, 21, 18, 27, 35, 37, 32, 47, 53, 52]",Acceptable,412
0.8,"[0, 7, 12, 11, 10, 16, 24, 26, 24, 37, 44, 41]",Successful,363
1.2,"[0, 15, 19, 21, 21, 26, 33, 34, 31, 44, 49, 47]",Acceptable,426
0.8,"[0, 13, 18, 17, 17, 21, 27, 28, 26, 35, 40, 39]",Successful,354
1.4,"[0, 9, 17, 14, 14, 23, 29, 35, 28, 44, 52, 49]",Failed,427
0.8,"[0, 16, 21, 22, 20, 25, 29, 31, 30, 37, 42, 41]",Successful,346
0.8,"[0, 10, 14, 17, 13, 19, 24, 26, 22, 33, 39, 37]",Successful,361
1.0,"[0, 14, 21, 20, 18, 25, 33, 32, 32, 41, 46, 45]",Successful,386
1.4,"[0, 17, 22, 24, 19, 29, 37, 33, 36, 46, 52, 51]",Acceptable,421
0.8,"[0, 7, 11, 12, 11, 15, 19, 23, 19, 33, 37, 37]",Acceptable,411
1.4,"[0, 16, 25, 24, 21, 28, 34, 38, 37, 48, 53, 53]",Acceptable,419
0.8,"[0, 10, 14, 17, 13, 20, 27, 27, 24, 35, 39, 38]",Successful,331
